age,study_hours,attendance,previous_score,pass
24,4.33,88,74,1
21,9.97,91,73,1
28,5.59,58,91,1
25,3.21,71,66,0
22,2.2,96,49,0
24,3.51,54,69,0
27,3.73,61,84,0
20,0.69,50,59,0
24,3.7,93,68,1
28,4.64,71,97,1
28,7.23,87,92,1
25,6.57,68,68,1
22,7.09,65,62,1
21,0.08,80,96,0
25,2.18,52,89,0
25,6.62,72,60,0
20,4.84,91,87,1
23,0.05,67,82,0
22,8.04,75,49,0
19,7.73,62,80,1
25,5.48,67,51,0
29,0.66,52,69,0
23,7.67,72,90,1
19,5.84,52,72,0
29,7.82,74,57,1
22,7.52,76,53,1
18,8.03,93,61,1
29,5.18,76,60,0
27,1.4,88,40,0
23,6.71,74,88,1
29,6.2,73,82,1
26,7.42,57,91,1
18,1.7,58,99,0
28,1.95,95,54,0
28,8.9,86,75,1
27,7.5,79,86,1
29,9.08,68,93,1
29,7.59,65,61,1
20,5.97,73,71,0
29,6.54,93,97,1
24,8.89,70,85,1
21,5.79,85,93,1
26,6.32,89,72,1
20,1.56,88,97,1
22,4.74,96,80,1
20,7.16,55,98,1
24,2.71,54,78,0
22,2.02,63,62,0
26,3.14,94,82,1
24,2.42,91,94,1
19,2.15,99,41,0
21,4.25,53,41,0
26,9.08,57,77,1
29,5.07,73,94,1
19,1.88,60,90,0
27,0.77,66,68,0
26,6.96,99,91,1
27,3.83,70,85,1
22,8.22,75,99,1
19,6.6,92,42,1
21,7.96,97,78,1
29,2.72,93,46,0
29,6.92,94,75,1
24,2.64,76,68,0
29,9.39,65,94,1
25,6.36,75,76,1
20,3.25,82,88,1
18,2.7,80,97,1
21,1.91,97,75,1
19,6.95,96,62,1
25,2.19,55,84,0
21,5.95,93,55,1
19,2.65,57,87,0
23,6.62,56,70,0
23,8.15,83,73,1
27,7.78,93,89,1
21,7.61,63,40,0
23,1.88,65,57,0
19,0.88,92,97,1
27,6.99,58,79,1
29,3.68,59,82,0
19,4.32,66,95,1
27,0.31,61,95,0
21,2.6,55,54,0
25,0.34,68,87,0
24,8.79,92,88,1
29,2.43,90,56,0
26,5.57,78,83,1
25,0.39,55,49,0
22,6.67,74,59,0
19,3.23,73,45,0
22,8.98,74,47,1
25,8.88,65,84,1
27,3.25,65,73,0
26,9.01,55,71,1
29,9.96,86,90,1
29,8.25,70,93,1
29,8.45,53,81,1
26,2.49,83,43,0
18,5.77,77,83,1
26,0.67,87,89,0
24,0.95,90,78,0
26,9.99,77,59,1
25,3.27,66,63,0
18,7.48,63,63,0
29,8.07,56,94,1
25,8.58,71,65,1
25,9.98,50,64,1
28,2.41,78,75,0
20,0.4,80,46,0
18,4.11,79,49,0
25,1.3,64,97,0
20,0.22,67,86,0
20,3.6,84,51,0
18,7.84,99,40,1
28,5.66,79,91,1
22,3.13,83,89,1
27,6.54,91,64,1
24,2.32,60,55,0
27,0.14,76,44,0
26,7.64,73,58,1
29,6.24,84,43,1
24,7.62,88,45,1
26,0.39,57,65,0
25,8.37,67,88,1
29,6.2,62,78,1
19,5.63,94,95,1
18,6.25,73,94,1
24,8.64,72,78,1
24,5.87,61,48,0
25,5.81,98,84,1
22,9.91,79,91,1
20,7.57,80,53,1
29,4.42,77,87,1
25,7.07,71,94,1
23,3.89,93,48,0
28,2.29,77,54,0
20,5.97,62,76,1
18,9.28,74,89,1
20,9.29,93,92,1
22,3.42,95,59,0
20,5.28,56,47,0
18,2.12,94,71,0
22,9.96,55,86,1
27,9.81,73,60,1
24,6.5,68,96,1
24,8.04,68,80,1
28,7.15,85,58,1
26,5.93,58,68,0
27,0.53,97,97,1
27,4.55,85,70,1
29,6.75,87,93,1
20,6.78,89,45,1
24,3.73,78,43,0
18,9.42,73,82,1
21,1.67,97,68,1
21,5.0,54,81,0
22,6.91,91,42,1
24,6.97,94,40,1
24,6.49,75,83,1
28,2.75,63,94,0
21,1.56,88,54,0
24,6.36,78,86,1
28,5.99,55,60,0
20,1.79,56,85,0
23,7.05,86,97,1
29,4.55,67,70,0
19,6.68,72,46,0
27,8.37,93,56,1
26,1.7,87,95,1
22,0.19,50,58,0
23,7.79,53,78,0
29,6.1,93,99,1
29,7.0,96,42,1
29,8.38,84,69,1
29,8.03,72,74,1
21,9.61,76,97,1
28,5.36,75,96,1
27,4.88,57,68,0
24,4.02,92,89,1
29,1.54,65,91,0
26,5.73,90,93,1
24,2.77,52,53,0
18,9.21,81,74,1
18,5.83,54,67,0
26,5.93,69,97,1
28,3.55,63,69,0
26,0.52,81,65,0
21,0.32,75,46,0
26,4.23,96,78,1
20,0.85,55,70,0
24,6.07,85,44,1
23,8.81,89,74,1
25,8.83,54,89,1
28,6.59,62,86,1
26,2.11,81,91,1
22,8.63,65,53,0
18,8.86,50,75,1
20,1.97,62,66,0
27,7.37,60,63,0
29,2.87,57,79,0
25,8.03,74,68,1
28,9.97,89,92,1
23,0.3,81,84,0
25,8.97,73,61,1
26,6.23,77,47,0
21,9.73,63,54,1
18,4.65,94,88,1
18,8.47,52,44,0
27,0.62,85,91,1
21,3.35,76,43,0
29,0.67,69,50,0
24,9.75,96,57,1
19,8.17,64,81,1
20,8.53,76,88,1
18,9.38,94,69,1
22,0.85,90,54,0
18,3.86,77,45,0
25,0.71,74,94,0
18,2.11,91,92,1
28,2.29,93,55,0
18,4.69,95,86,1
19,2.69,82,79,1
19,1.01,95,48,0
29,1.67,63,82,0
23,1.47,57,98,0
24,9.73,97,73,1
22,7.59,63,66,1
18,9.68,50,52,0
18,4.4,65,75,0
20,2.78,67,66,0
19,7.98,56,48,0
22,3.26,64,44,0
29,2.99,73,90,1
27,2.33,98,61,1
23,1.3,62,70,0
24,2.56,58,42,0
21,3.55,64,69,0
24,6.74,84,60,1
28,0.63,73,74,0
25,2.11,82,45,0
28,8.09,65,67,0
18,1.47,57,71,0
23,3.43,78,81,0
25,8.65,72,76,1
22,1.55,94,64,0
21,0.83,80,71,0
19,4.85,89,74,1
23,3.02,98,61,1
23,5.63,63,63,0
28,8.04,79,78,1
18,1.37,88,93,1
26,5.81,76,69,1
29,5.06,96,89,1
28,1.44,65,71,0
23,6.24,55,70,0
20,2.74,82,62,0
21,4.88,93,79,1
29,0.82,67,72,0
28,4.6,65,64,0
21,3.06,61,75,0
20,8.22,69,63,1
27,0.57,94,70,0
20,4.19,89,97,1
20,4.58,78,78,1
21,7.25,79,85,1
24,5.74,75,52,0
21,6.67,71,49,0
26,7.77,82,62,1
18,8.62,88,57,1
25,3.14,96,71,1
24,5.38,78,72,1
19,8.4,71,75,1
25,9.89,94,67,1
18,8.9,62,55,0
28,3.71,58,55,0
29,1.95,73,57,0
26,4.89,64,47,0
26,7.42,85,81,1
19,4.93,62,55,0
24,4.83,76,94,1
27,8.38,93,95,1
20,3.61,86,50,0
24,8.6,56,45,0
29,4.07,57,40,0
27,3.28,86,51,0
26,4.54,90,96,1
21,7.62,63,77,1
29,1.26,61,67,0
18,1.96,85,84,1
19,9.51,89,97,1
18,1.75,66,56,0
29,5.68,89,40,0
22,5.79,78,71,1
22,4.9,76,47,0
28,6.45,50,93,1
24,2.3,83,79,1
26,5.53,53,95,0
26,3.72,73,82,0
20,6.62,70,85,1
20,1.41,82,63,0
20,5.71,56,49,0
21,1.85,50,86,0
25,2.79,90,78,1
23,2.19,52,78,0
25,1.83,93,49,0
18,8.26,64,75,1
25,2.86,80,64,0
21,9.27,65,99,1
28,9.7,59,89,1
18,5.71,78,98,1
25,1.43,55,96,0
21,3.75,78,49,0
23,7.98,66,58,1
25,3.67,71,85,1
21,0.87,73,84,0
20,5.57,66,54,0
26,8.45,70,55,0
20,7.96,99,41,1
26,1.75,60,68,0
19,6.73,56,43,0
19,2.21,91,92,1
19,2.18,88,89,1
23,8.74,54,68,1
20,2.5,93,70,0
26,2.63,97,56,1
21,0.01,70,49,0
18,8.71,67,66,1
21,7.93,84,92,1
18,6.27,69,80,1
22,7.5,64,54,0
21,1.52,54,99,0
25,4.58,62,83,0
25,3.51,61,70,0
24,0.94,70,60,0
20,4.86,86,99,1
18,9.21,55,98,1
18,0.4,56,97,0
29,2.91,75,80,0
28,2.08,91,85,1
20,2.38,97,84,1
23,9.08,57,99,1
24,4.68,58,65,0
23,4.66,76,77,1
23,7.61,53,90,1
23,1.54,70,75,0
20,4.87,80,91,1
23,4.3,70,56,0
25,5.97,89,90,1
28,10.0,74,42,1
28,7.69,88,53,1
19,3.98,64,88,0
22,8.28,84,52,1
18,1.71,98,80,1
29,0.3,92,66,0
18,2.04,90,40,0
22,3.4,86,96,1
29,5.11,91,56,1
20,6.15,96,87,1
21,9.11,77,89,1
20,5.1,63,73,0
18,5.01,53,53,0
18,0.5,69,93,0
29,0.35,83,94,1
29,5.51,61,98,1
22,4.38,82,56,0
23,8.39,73,42,1
20,1.61,69,73,0
29,0.25,54,79,0
26,4.49,87,64,1
22,2.37,79,41,0
25,0.5,73,73,0
18,7.25,92,65,1
22,1.12,89,70,0
20,6.08,56,48,0
29,2.81,85,69,0
18,1.73,87,59,0
21,3.8,65,60,0
22,8.01,64,68,1
24,3.92,95,98,1
18,7.51,72,64,1
20,1.25,61,77,0
19,7.73,78,97,1
26,2.37,93,83,1
27,6.77,97,64,1
23,5.66,64,48,0
27,9.29,78,78,1
20,3.87,94,83,1
25,0.66,92,65,0
25,0.19,98,96,1
19,8.27,70,76,1
23,5.25,64,55,0
24,7.75,63,76,1
19,2.34,91,51,0
28,3.45,93,63,1
27,0.3,65,65,0
19,9.61,64,59,1
27,6.68,91,48,1
18,9.33,53,62,0
25,2.65,76,78,0
18,6.11,72,68,1
26,6.78,78,70,1
28,3.18,90,58,1
23,8.48,58,59,0
24,9.47,92,62,1
27,8.85,92,82,1
24,7.39,56,66,0
27,2.77,91,69,1
20,2.82,53,60,0
19,9.63,54,83,1
26,0.1,54,74,0
25,7.16,60,88,1
29,7.06,90,46,1
27,6.23,77,61,0
24,9.9,65,49,1
26,3.12,90,62,1
21,3.4,79,54,0
21,0.79,53,69,0
18,4.43,51,73,0
25,2.61,95,52,0
29,3.43,52,99,0
20,8.35,99,43,1
24,9.35,70,57,1
29,1.86,55,95,0
19,3.73,92,62,0
19,9.29,67,72,1
24,0.62,93,73,0
23,0.92,54,73,0
20,1.63,58,75,0
26,5.95,69,74,0
27,1.5,77,56,0
23,9.68,75,67,1
27,4.47,67,53,0
27,5.02,68,73,1
23,2.47,52,87,0
18,4.71,58,50,0
21,6.62,85,96,1
27,7.51,80,52,1
23,7.54,98,72,1
23,5.78,66,96,1
28,9.04,72,94,1
29,8.17,83,41,1
22,7.57,90,73,1
18,0.56,90,92,1
25,0.07,54,68,0
22,2.12,64,76,0
29,6.64,96,43,1
29,4.11,52,51,0
29,4.02,68,65,0
22,8.85,77,97,1
24,8.96,52,67,1
21,9.09,87,42,1
23,3.14,53,59,0
21,6.91,73,49,0
20,2.72,80,91,1
24,1.91,94,57,0
25,1.85,94,92,1
21,3.42,60,92,0
19,4.3,86,92,1
29,8.31,50,66,0
27,1.2,58,70,0
20,7.35,66,66,1
18,5.31,50,81,0
25,2.88,52,40,0
20,4.93,96,45,0
29,3.0,75,50,0
27,5.96,80,73,1
24,4.34,75,78,1
27,1.64,72,59,0
22,1.17,79,92,0
27,5.47,59,60,0
22,9.02,57,60,0
24,3.44,93,57,0
26,7.33,74,60,1
29,6.59,71,58,0
22,9.32,64,43,1
18,8.21,90,52,1
27,5.67,59,57,0
27,6.57,69,91,1
18,8.98,90,68,1
19,4.0,96,64,1
23,3.27,72,95,1
26,0.11,50,52,0
25,8.27,51,66,0
22,8.01,68,99,1
18,1.04,63,58,0
24,5.77,57,88,0
22,4.64,87,40,0
23,1.19,61,77,0
24,9.81,75,58,1
20,2.15,76,91,0
29,0.67,78,40,0
27,5.95,64,79,1
20,7.39,95,56,1
22,0.32,50,60,0
23,6.59,92,61,1
26,5.32,77,54,0
29,1.03,52,89,0
22,1.73,67,78,0
18,5.68,83,87,1
21,2.96,81,78,0
22,9.38,78,71,1
29,8.19,74,88,1
27,9.84,75,43,1
27,2.6,88,83,1
22,9.7,57,84,1
24,4.31,68,71,0
21,3.48,96,43,0
18,0.5,91,92,1
22,0.53,71,40,0
24,6.92,78,72,1
27,4.58,82,46,0
27,2.27,87,48,0
23,6.14,94,40,1
22,2.53,95,55,0
21,5.78,84,57,0
19,3.59,92,93,1
21,8.24,52,86,1
27,8.21,68,45,0
27,4.77,59,41,0
20,3.51,76,48,0
27,3.63,64,43,0
18,8.06,60,84,1
25,3.28,96,62,1
22,2.09,75,93,0
21,0.85,73,82,0
25,4.67,62,84,0
24,4.82,81,82,1
19,8.41,86,90,1
18,2.21,53,47,0
29,3.81,62,78,0
28,8.08,58,64,0
21,8.24,98,55,1
25,3.85,83,74,1
29,4.59,86,56,0
19,3.03,97,57,0
20,9.33,56,99,1
29,1.19,50,66,0
18,9.34,61,54,1
18,6.84,70,99,1
20,5.32,60,56,0
28,0.33,93,82,1
22,4.76,93,44,1
29,4.08,93,55,1
20,1.61,63,54,0
18,6.56,83,81,1
18,9.71,83,85,1
25,5.62,74,73,1
27,7.15,53,87,0
28,0.68,75,58,0
29,4.18,65,47,0
29,1.16,59,86,0
19,6.13,94,49,1
20,9.38,51,44,0
19,6.62,84,91,1
20,0.77,68,87,0
24,3.55,55,92,0
18,5.51,68,65,0
27,4.03,57,61,0
25,8.34,63,83,1
27,8.15,59,62,1
27,6.12,52,52,0
27,3.73,87,48,0
19,2.55,78,88,1
20,1.06,64,59,0
26,3.55,72,67,0
24,4.13,72,83,1
21,6.76,67,96,1
27,6.58,95,76,1
22,0.7,68,63,0
19,3.95,77,83,1
28,1.82,75,72,0
25,1.57,59,59,0
21,8.27,96,99,1
26,0.42,53,87,0
22,4.19,51,69,0
26,1.68,52,83,0
21,8.79,56,48,0
27,5.57,65,84,1
22,2.31,80,88,0
26,5.02,59,56,0
25,7.31,68,75,1
20,9.58,77,53,1
18,2.2,66,58,0
20,8.86,77,46,1
21,9.34,68,98,1
19,9.16,86,42,1
18,6.35,72,72,0
24,6.3,69,83,1
25,4.03,62,71,0
24,7.52,62,86,1
22,5.31,92,50,1
29,6.77,60,81,0
18,4.28,97,41,1
24,7.31,64,65,1
24,8.24,66,43,0
26,1.46,99,56,1
20,8.33,77,56,1
26,5.4,68,67,0
18,8.45,53,69,0
18,4.31,71,79,0
21,3.79,71,62,0
26,9.15,86,85,1
23,2.51,88,63,0
28,8.44,83,68,1
20,4.84,82,43,0
18,5.14,93,77,1
21,3.08,91,68,1
29,5.73,89,58,1
26,3.25,82,66,0
20,0.39,61,68,0
29,2.72,51,95,0
26,0.06,77,75,0
24,9.78,59,74,1
29,9.66,71,91,1
21,3.95,66,45,0
20,7.28,75,98,1
27,3.46,52,62,0
22,6.71,56,78,0
22,8.05,93,85,1
20,9.47,57,83,1
29,4.0,69,87,0
26,7.83,61,91,1
21,2.66,84,47,0
28,9.9,66,94,1
22,0.26,77,41,0
21,6.04,90,52,1
22,6.6,59,79,1
24,6.88,71,96,1
26,1.2,87,60,0
24,9.39,82,70,1
22,1.81,71,91,0
27,6.23,93,87,1
27,2.23,86,75,0
24,3.07,62,87,0
27,5.46,76,91,1
22,4.17,64,77,0
20,1.6,71,66,0
24,1.71,79,75,0
28,4.18,92,87,1
28,7.57,89,62,1
19,8.98,86,94,1
29,0.84,83,60,0
26,3.93,93,52,0
27,1.0,83,76,0
27,0.17,97,86,1
29,6.62,84,65,1
18,6.02,91,79,1
23,1.63,68,46,0
24,2.34,57,85,0
25,0.24,88,78,0
27,8.35,82,61,1
26,9.75,93,78,1
19,1.35,77,62,0
28,2.31,86,97,1
27,8.68,97,69,1
19,9.26,74,57,1
22,4.2,85,81,1
22,0.51,66,57,0
23,0.39,73,85,0
20,5.74,70,49,0
25,3.93,51,78,0
18,0.29,80,69,0
23,5.83,93,65,1
21,0.11,82,46,0
18,7.87,79,46,1
24,3.06,61,44,0
26,0.4,93,40,0
21,5.88,61,85,1
21,3.98,98,57,1
23,9.74,73,52,1
29,5.44,73,64,1
20,2.75,60,79,0
29,7.09,62,47,0
23,2.71,76,49,0
24,9.04,57,71,1
28,3.75,59,56,0
27,5.5,57,77,0
27,0.51,69,54,0
20,4.26,57,54,0
24,8.32,58,96,1
20,8.06,56,87,1
19,2.24,63,79,0
29,2.26,77,90,1
27,8.17,51,59,0
21,9.3,92,54,1
29,0.95,57,74,0
25,4.5,62,45,0
26,3.37,70,69,0
24,8.71,96,96,1
18,0.84,77,47,0
20,2.11,84,70,0
29,7.52,72,87,1
26,0.51,95,86,1
29,4.93,64,71,0
18,4.42,51,84,0
26,3.34,61,97,0
25,3.95,85,91,1
18,5.3,52,54,0
23,1.61,54,57,0
22,5.72,52,52,0
23,8.05,96,63,1
27,7.6,68,79,1
29,1.54,51,53,0
22,1.49,93,67,0
23,2.68,86,50,0
22,3.61,66,45,0
28,4.08,63,95,1
29,6.8,77,64,1
22,0.57,76,40,0
21,0.35,59,64,0
20,3.92,52,41,0
20,6.97,85,71,1
21,1.93,87,52,0
26,6.42,74,72,1
19,2.6,71,71,0
26,8.86,97,95,1
18,8.96,88,63,1
18,2.97,96,66,0
22,2.3,79,43,0
23,4.11,70,63,0
23,2.41,79,62,0
20,6.72,77,68,1
24,8.26,80,73,1
26,6.73,75,60,1
28,8.24,92,69,1
29,3.97,71,65,0
27,1.56,70,59,0
25,7.38,50,55,0
23,3.6,86,42,0
29,6.71,62,88,1
25,2.71,70,76,0
29,0.81,95,97,1
22,9.93,58,79,1
25,1.56,66,83,0
27,9.88,96,64,1
29,9.77,70,62,1
21,7.94,80,83,1
27,6.59,88,98,1
25,5.78,71,40,0
27,8.66,61,72,1
29,2.89,55,54,0
19,4.68,65,56,0
29,6.19,75,73,1
29,4.11,54,56,0
22,4.27,58,91,0
26,3.3,95,97,1
21,5.64,89,80,1
28,8.51,63,83,1
23,2.02,93,43,0
18,9.34,91,52,1
26,6.89,79,43,0
18,8.23,75,46,1
22,5.56,94,85,1
21,7.8,78,98,1
29,0.16,68,48,0
20,8.18,96,62,1
23,0.4,57,72,0
19,8.9,72,72,1
20,9.92,91,59,1
22,2.94,84,43,0
26,2.1,80,40,0
19,7.65,84,93,1
27,2.53,81,81,1
25,8.66,54,73,0
19,1.03,65,66,0
28,1.26,66,60,0
22,9.79,81,63,1
24,6.74,87,54,1
25,8.47,81,74,1
18,3.24,69,64,0
23,6.76,97,94,1
18,5.94,51,48,0
19,6.03,69,56,0
18,6.83,96,60,1
28,5.75,67,99,1
22,4.29,50,52,0
27,2.76,78,42,0
26,7.69,78,43,1
23,2.26,68,43,0
28,6.92,93,82,1
28,2.33,89,67,0
18,6.25,55,46,0
18,7.47,93,65,1
19,2.19,88,50,0
26,0.6,99,63,0
20,1.31,95,82,1
18,6.06,57,49,0
22,8.49,73,76,1
24,0.45,69,52,0
23,7.34,63,83,1
29,3.41,54,81,0
18,4.79,90,78,1
22,9.29,89,58,1
22,3.32,83,90,1
23,4.65,65,58,0
20,0.14,94,51,0
22,0.82,56,91,0
24,2.59,65,61,0
22,0.28,56,86,0
22,6.31,76,76,1
22,4.26,63,95,1
27,5.48,63,69,0
27,1.75,93,85,1
20,2.96,82,51,0
18,6.64,82,68,1
22,9.65,93,60,1
26,0.5,69,50,0
18,8.9,96,99,1
20,5.77,85,76,1
21,5.64,56,87,0
18,5.0,81,97,1
18,0.69,97,57,0
25,0.9,52,83,0
19,6.01,88,98,1
29,3.41,78,66,0
25,9.17,73,76,1
24,4.07,71,87,1
27,1.43,55,51,0
27,7.15,97,62,1
19,2.93,73,73,0
23,5.25,89,77,1
23,6.98,72,62,1
20,9.0,87,92,1
28,7.92,59,64,0
19,6.76,65,43,0
29,6.8,60,69,0
18,9.46,81,69,1
23,2.96,94,52,0
29,0.01,55,81,0
22,2.72,73,88,0
28,2.18,82,53,0
26,6.62,61,95,1
18,6.34,76,86,1
24,5.93,87,47,0
22,0.16,67,94,0
22,7.29,94,63,1
19,3.24,88,57,0
28,6.65,62,74,1
20,5.57,89,64,1
24,3.43,79,56,0
23,1.35,98,71,0
29,0.94,90,95,1
19,8.32,62,63,1
23,9.18,83,46,1
19,6.5,85,52,0
19,1.03,79,66,0
19,4.02,74,87,1
28,7.29,51,44,0
20,7.8,85,75,1
19,1.18,67,65,0
21,0.0,54,81,0
26,7.12,68,84,1
23,3.57,91,70,1
18,2.54,67,49,0
25,0.13,81,85,0
29,5.4,70,65,0
24,8.51,59,61,1
27,9.58,86,51,1
20,5.66,98,71,1
18,5.14,71,66,1
22,0.85,62,72,0
21,5.49,66,92,1
27,3.8,58,91,0
25,6.07,73,59,1
18,3.89,93,78,1
27,2.4,63,80,0
18,0.95,95,79,1
29,3.15,57,98,0
21,0.97,86,52,0
25,1.77,68,53,0
22,9.87,77,83,1
19,4.44,95,79,1
23,5.32,90,92,1
22,8.74,79,61,1
19,9.96,56,57,0
28,5.83,75,87,1
28,8.12,89,68,1
28,3.27,95,82,1
20,3.06,95,55,0
26,4.03,60,85,0
24,6.73,63,74,1
24,6.82,70,92,1
28,3.15,57,73,0
23,1.33,52,42,0
25,6.32,77,43,0
21,1.28,78,93,0
25,5.78,72,44,0
21,6.93,67,49,0
25,7.01,84,91,1
26,7.53,62,68,1
20,8.73,61,71,1
20,5.0,96,70,1
28,7.3,99,41,1
19,6.19,54,51,0
27,1.87,88,66,0
20,0.26,60,44,0
20,2.85,60,76,0
22,4.43,96,66,1
22,6.17,91,62,1
19,8.5,96,72,1
29,1.96,80,43,0
27,1.26,80,98,1
23,9.63,62,60,1
22,1.08,63,63,0
23,4.78,98,83,1
18,5.86,94,70,1
22,5.41,91,83,1
26,0.86,74,87,0
29,0.57,82,63,0
27,1.05,82,88,0
19,5.86,64,92,1
18,5.44,65,49,0
27,2.34,93,88,1
28,6.38,87,88,1
26,8.2,55,89,1
27,0.42,93,41,0
26,4.98,74,70,0
26,6.89,64,64,0
23,2.52,53,43,0
25,3.08,53,90,0
28,6.14,79,50,0
18,8.98,83,56,1
27,8.1,76,83,1
21,5.83,80,41,0
18,7.3,81,45,0
25,3.65,93,48,1
18,6.41,88,44,0
20,4.66,58,59,0
21,1.9,90,68,0
25,7.02,57,60,0
23,5.56,63,48,0
27,3.59,82,67,1
29,9.11,72,94,1
24,0.21,70,47,0
25,3.16,61,70,0
19,0.57,51,59,0
27,7.67,62,66,1
28,7.02,53,47,0
25,3.31,69,93,0
20,6.76,99,60,1
24,3.96,97,67,1
20,7.56,63,62,0
24,4.54,79,45,0
28,4.12,78,42,0
29,9.35,57,44,0
19,2.51,61,48,0
27,1.2,90,46,0
23,5.85,87,99,1
20,9.69,75,43,1
20,3.78,99,78,1
26,0.62,51,44,0
24,3.39,89,50,0
22,5.06,63,54,0
29,1.62,55,73,0
27,6.58,91,52,1
24,9.98,89,93,1
26,4.52,80,87,1
18,3.55,66,46,0
24,4.01,74,79,0
23,1.15,81,45,0
27,8.83,61,95,1
29,4.15,98,78,1
26,3.87,62,89,1
18,6.6,68,69,1
21,4.42,93,61,1
26,6.48,97,64,1
21,0.61,74,67,0
27,8.14,80,93,1
20,9.41,86,59,1
26,6.49,74,78,1
19,9.55,65,42,0
21,1.51,87,44,0
23,4.77,92,40,0
19,6.02,98,54,1
25,5.82,72,65,1
25,4.01,63,42,0
18,3.38,55,79,0
29,1.27,74,96,0
20,3.92,72,80,0
27,1.63,92,86,1
26,7.34,61,81,1
22,2.09,62,73,0
23,0.59,85,91,1
21,5.52,88,44,1
27,5.95,83,70,1
19,8.72,55,90,1
28,5.77,87,52,1
25,3.45,99,82,1
28,8.03,89,40,1
23,5.4,57,61,0
22,0.79,57,54,0
26,5.66,89,65,1
18,9.08,82,57,1
22,3.96,83,87,1
23,2.96,93,48,0
22,1.43,64,40,0
23,1.51,85,82,0
23,4.33,84,48,0
24,5.96,95,62,1
21,0.81,71,82,0
28,9.4,72,84,1
25,7.55,89,97,1
24,5.87,94,41,1
26,8.28,71,53,1
24,0.8,54,77,0
20,4.77,80,79,1
20,6.3,62,57,0
25,8.29,77,55,1
22,7.83,69,92,1
21,2.77,82,68,0
25,9.41,65,83,1
23,1.24,78,50,0
19,8.75,72,45,1
21,9.71,73,42,1
29,1.77,83,53,0
28,7.22,56,99,1
21,0.4,87,41,0
23,4.05,86,71,1
23,5.16,53,70,0
18,5.81,83,50,0
25,9.36,91,61,1
23,6.72,71,42,0
20,4.81,54,89,0
26,8.1,99,70,1
19,9.51,91,72,1
28,0.22,72,63,0
25,9.83,64,40,0
27,0.86,80,83,0
20,8.14,58,54,0
29,2.8,92,76,1
22,1.32,74,66,0
23,4.4,74,77,0
27,6.44,98,87,1
23,3.81,70,66,0
21,0.55,58,83,0
20,5.99,97,51,1
21,9.02,87,42,1
18,3.83,71,69,0
21,2.16,92,71,0
18,4.43,72,62,0
29,0.48,98,41,0
18,8.2,53,46,0
27,8.26,78,73,1
23,5.88,64,71,1
22,3.53,50,92,0
28,8.0,79,78,1
21,5.55,78,71,1
28,8.26,69,82,1
20,6.31,82,82,1
18,7.84,90,53,1
23,5.99,93,42,1
19,4.14,85,85,1
25,9.58,71,71,1
27,5.41,62,82,0
22,6.05,56,75,0
24,2.2,57,56,0
27,6.26,77,87,1
29,5.72,94,42,0
19,1.85,92,96,1
25,0.6,58,49,0
19,6.04,74,92,1
21,7.64,65,86,1
18,5.23,59,79,0
22,2.27,60,57,0
26,6.67,80,42,0
18,0.8,61,78,0
26,4.42,80,49,0
28,1.63,63,91,0
25,1.84,93,48,0
23,2.02,81,85,0
24,3.87,99,94,1
20,0.51,66,85,0
18,3.98,84,50,0
22,5.12,50,99,0
29,4.83,78,72,1
29,3.83,53,75,0
19,8.39,72,65,1
22,1.45,77,66,0
25,5.06,65,77,0
28,0.62,61,61,0
26,0.71,70,65,0
19,5.74,94,61,1
29,5.66,66,44,0
20,8.78,89,74,1
20,5.58,62,41,0
18,9.6,81,74,1
25,0.49,86,48,0
23,0.98,99,90,1
29,0.44,64,90,0
25,1.85,61,88,0
28,5.41,98,57,1
26,6.46,64,82,1
22,0.46,83,51,0
29,9.46,55,42,0
20,8.42,66,57,1
22,2.97,97,95,1
22,0.77,98,77,1
22,1.7,69,46,0
20,1.27,58,72,0
28,1.23,54,45,0
27,5.19,72,57,0
21,2.46,82,84,1
26,3.58,87,61,1
27,9.9,63,90,1
26,6.84,66,78,1
19,9.49,68,90,1
25,1.43,82,48,0
25,3.82,50,74,0
24,5.55,62,62,0
25,0.77,95,51,0
20,0.04,76,91,0
23,6.7,55,63,0
18,6.42,55,89,0
24,4.11,82,79,1
18,4.9,79,48,0
26,4.15,95,52,1
18,0.24,84,79,0
18,3.35,72,93,1
24,1.77,59,81,0
19,0.98,68,56,0
22,9.57,77,46,1
25,5.99,72,56,0
25,7.29,53,94,1
20,3.15,69,89,0
24,3.93,68,63,0
20,2.37,91,41,0
23,0.97,76,74,0
23,1.79,83,67,0
20,7.98,53,58,0
24,6.78,87,72,1
20,5.47,56,60,0
25,4.75,97,92,1
27,9.22,56,49,0
21,0.73,99,92,1
18,2.81,75,85,0
21,3.5,75,84,1
24,7.82,68,48,1
28,9.93,58,77,1
21,2.41,69,45,0
23,8.74,91,90,1
26,8.31,94,92,1
18,2.25,99,81,1
22,3.99,65,94,0
28,4.1,66,74,0
24,9.78,71,57,1
18,1.81,62,92,0
21,7.99,61,58,0
23,3.34,59,44,0
19,7.31,50,64,0
27,4.2,81,50,0
22,5.78,79,49,1
28,8.33,57,56,0
27,8.04,70,75,1
18,8.66,71,65,1
23,0.6,67,70,0
23,6.92,51,71,0
21,1.4,97,60,0
25,4.16,93,57,1
21,5.49,58,99,1
25,4.03,52,57,0
25,5.2,75,40,0
22,9.97,70,53,1
21,1.35,79,47,0
29,6.75,77,41,0
19,3.96,85,90,1
28,1.33,75,54,0
20,1.59,83,99,1
20,9.49,57,73,1
21,8.8,59,75,1
21,9.07,97,40,1
27,9.92,92,90,1
28,2.08,99,60,1
28,3.55,63,81,0
22,6.69,89,40,0
21,4.84,64,71,0
28,4.18,66,59,0
27,3.58,67,93,0
25,5.94,81,86,1
23,5.76,87,75,1
23,1.61,72,78,0
25,4.72,95,69,1
24,5.53,72,46,0
27,5.7,84,61,1
28,2.1,88,96,1
29,7.42,64,89,1
27,0.25,73,84,0
25,3.55,77,49,0
19,7.8,65,95,1
26,5.64,65,47,0
18,2.61,89,66,0
25,6.95,88,49,1
29,5.67,55,53,0
28,7.96,51,85,1
29,7.35,62,98,1
29,6.1,93,91,1
21,4.88,96,93,1
21,1.33,58,50,0
22,2.61,83,45,0
25,4.19,66,60,0
22,5.99,76,72,1
25,5.14,78,58,0
27,2.88,86,78,1
18,0.06,92,63,0
29,4.96,71,57,0
27,2.86,73,74,0
26,7.35,56,91,1
23,0.24,83,82,0
20,5.85,97,76,1
25,9.41,61,58,1
26,1.74,72,92,0
23,4.72,64,63,0
28,0.91,82,95,1
24,6.26,62,73,1
18,5.51,72,61,0
22,4.07,87,43,0
22,5.21,81,96,1
27,8.97,94,49,1
21,1.96,99,41,0
23,0.23,84,47,0
24,8.62,50,72,1
26,5.77,96,98,1
18,8.91,94,77,1
23,5.97,54,82,0
24,8.1,62,98,1
20,4.3,54,67,0
25,7.5,81,49,1
22,9.13,70,84,1
26,5.72,73,40,0
22,1.81,67,73,0
26,2.69,70,42,0
27,1.99,59,48,0
21,2.47,73,44,0
26,3.06,89,81,1
22,5.55,96,49,1
27,5.88,70,51,0
26,4.26,74,57,0
20,6.15,72,97,1
21,0.82,71,60,0
26,0.88,53,60,0
27,1.72,83,40,0
28,5.18,55,42,0
23,2.14,77,44,0
19,2.83,80,64,0
24,4.0,84,97,1
19,8.12,88,88,1
28,0.14,91,47,0
19,6.49,72,56,0
28,6.69,55,48,0
18,7.99,65,71,1
28,9.33,51,45,0
28,0.2,73,88,0
29,1.54,66,79,0
28,8.86,94,60,1
20,4.59,50,46,0
23,5.65,55,46,0
25,6.63,54,86,0
26,6.79,94,78,1
24,9.32,99,93,1
21,9.97,78,66,1
23,7.2,61,47,0
22,2.87,88,48,0
25,8.8,96,67,1
18,0.49,52,54,0
18,2.31,97,41,0
28,8.97,50,46,0
23,2.56,76,86,0
27,2.21,97,57,0
29,1.38,73,61,0
19,8.59,93,89,1
22,5.0,68,49,0
18,6.75,57,93,1
24,2.39,93,89,1
18,7.58,96,72,1
21,7.6,51,46,0
26,3.13,79,42,0
18,4.11,79,53,0
21,2.1,98,83,1
23,9.77,88,85,1
23,6.46,94,75,1
29,9.35,81,52,1
25,3.03,50,55,0
18,7.82,87,55,1
24,7.66,62,93,1
18,6.92,60,44,0
24,9.66,59,91,1
20,3.94,97,64,1
28,1.31,75,77,0
25,6.72,69,77,1
20,7.29,66,89,1
18,5.75,66,77,1
25,2.07,53,78,0
20,5.04,54,95,1
19,3.12,72,95,0
18,4.27,95,87,1
20,6.45,59,80,1
19,7.45,95,65,1
19,2.32,77,98,0
23,4.05,82,52,0
29,2.69,92,83,1
18,1.99,75,90,0
19,7.83,99,65,1
23,9.09,97,94,1
20,3.7,78,94,1
21,7.51,76,40,0
18,8.97,67,47,0
25,8.46,89,43,1
24,1.83,59,60,0
24,9.56,91,61,1
20,3.77,54,90,0
27,3.39,59,92,0
27,0.62,99,97,1
20,4.86,70,76,1
19,1.09,73,88,0
29,2.49,87,42,0
18,3.17,52,58,0
24,8.09,89,40,1
24,8.75,80,68,1
29,3.02,90,62,1
19,8.59,86,72,1
24,8.57,51,94,1
25,7.65,51,91,1
18,1.47,88,80,0
26,6.9,98,62,1
24,9.45,91,44,1
20,6.83,93,46,1
25,3.32,83,96,1
24,5.01,91,97,1
28,6.46,69,45,0
25,5.11,82,88,1
23,1.2,53,61,0
26,3.12,94,88,1
22,8.02,93,52,1
20,8.61,60,51,0
20,1.37,91,43,0
18,9.52,96,47,1
29,3.29,54,76,0
25,6.62,74,70,1
19,7.52,98,76,1
20,8.12,86,84,1
25,9.46,83,65,1
25,3.13,58,82,0
28,8.59,55,47,0
21,1.32,67,79,0
21,7.05,63,72,0
22,7.42,68,84,1
23,6.78,63,68,0
22,2.52,89,44,0
24,8.73,66,67,1
19,1.69,84,92,1
24,0.54,78,79,0
27,7.17,91,56,1
24,4.75,66,94,1
18,8.49,92,62,1
24,3.83,57,84,0
22,1.68,50,48,0
20,8.36,94,41,1
20,5.49,85,71,1
21,1.89,56,90,0
29,7.2,95,91,1
19,5.11,54,88,0
19,6.04,73,70,1
18,4.61,77,46,0
22,8.29,92,69,1
21,8.3,66,97,1
28,7.09,86,42,1
27,1.05,69,90,0
19,8.39,52,90,1
20,6.71,86,95,1
24,6.97,75,48,1
24,3.63,64,49,0
29,8.79,97,85,1
21,7.25,57,89,1
22,1.13,62,97,0
22,4.08,97,86,1
23,8.86,52,65,0
26,0.47,50,40,0
19,9.61,58,69,1
22,6.79,80,96,1
29,6.31,90,77,1
20,2.71,75,54,0
21,2.49,66,64,0
27,9.42,83,45,1
23,2.98,58,57,0
29,7.76,62,40,0
25,3.93,54,95,0
18,1.39,90,42,0
27,0.11,62,56,0
25,5.44,50,87,0
28,9.76,74,47,1
24,3.69,96,99,1
18,3.57,53,88,0
19,3.44,85,79,1
20,5.21,59,56,0
18,4.41,77,64,1
26,8.8,55,80,1
25,5.06,76,51,0
19,5.08,61,68,0
26,1.38,97,64,0
24,9.83,52,90,1
26,2.5,95,75,1
23,0.73,82,92,1
23,6.63,59,93,1
28,5.95,80,64,1
21,4.15,64,68,0
27,4.22,56,50,0
27,7.85,85,99,1
19,1.96,63,43,0
24,8.2,97,53,1
22,6.49,63,85,1
28,4.19,52,77,0
23,4.58,98,56,1
19,2.57,95,41,0
22,7.52,99,47,1
27,5.13,52,75,0
21,3.21,71,49,0
26,5.96,68,46,0
23,9.96,84,75,1
19,4.35,61,55,0
18,9.21,54,53,0
22,3.45,59,55,0
26,0.55,90,64,0
23,2.04,82,80,0
27,4.19,62,43,0
29,2.2,84,68,0
24,0.0,81,95,0
22,9.15,60,45,0
27,8.44,97,40,1
23,7.42,87,78,1
22,1.68,73,40,0
28,1.2,84,90,0
26,0.68,68,79,0
23,7.24,55,96,1
28,9.29,89,42,1
25,4.31,94,40,0
19,1.19,93,40,0
29,5.12,91,78,1
26,3.49,84,60,0
22,3.75,53,84,0
24,6.21,82,69,1
27,7.19,62,71,0
18,1.11,85,72,0
27,0.36,92,87,1
22,9.94,68,61,1
29,2.33,92,69,0
27,0.54,61,93,0
19,1.9,60,85,0
29,0.39,55,43,0
23,3.92,61,62,0
28,8.02,76,94,1
18,3.41,90,83,1
20,4.44,74,64,0
22,6.76,91,51,1
21,5.09,52,56,0
20,8.61,52,92,1
27,8.66,69,54,0
22,0.1,77,49,0
28,7.78,72,74,1
25,4.61,97,94,1
28,9.89,52,91,1
21,4.83,91,91,1
18,9.87,73,68,1
28,7.55,92,51,1
24,2.49,89,40,0
25,5.38,55,40,0
20,9.92,69,49,1
23,8.58,60,57,0
19,0.97,81,86,0
24,7.06,76,41,0
25,3.46,70,88,0
23,0.07,93,47,0
23,4.03,97,61,1
22,2.35,99,61,1
25,8.19,62,65,1
18,3.37,71,65,0
27,8.28,84,48,1
21,0.01,96,60,0
21,3.08,71,70,0
20,2.41,77,91,0
20,2.34,70,82,0
21,0.68,95,45,0
28,1.87,67,95,0
18,5.56,80,53,0
28,2.91,95,72,1
28,4.17,86,46,0
19,3.77,70,63,0
26,8.76,63,48,0
27,9.05,74,50,1
19,4.93,76,95,1
22,3.3,89,62,0
26,1.07,72,87,0
26,9.53,80,90,1
25,0.6,96,41,0
18,2.98,78,54,0
18,2.98,96,74,1
26,3.2,79,75,0
28,1.64,75,91,0
25,7.83,69,93,1
27,1.22,87,67,0
26,6.35,68,78,0
24,1.24,76,83,0
20,0.71,74,43,0
20,9.09,89,49,1
19,1.9,87,45,0
22,8.21,72,96,1
29,5.45,78,69,1
29,0.78,64,93,0
20,9.55,52,85,1
23,2.47,59,74,0
19,8.6,64,88,1
29,1.69,65,82,0
20,8.54,66,49,1
22,0.13,68,97,0
29,5.12,60,92,1
28,7.69,97,71,1
28,9.35,54,81,1
18,9.09,54,81,1
18,8.2,63,42,0
27,8.88,99,95,1
26,1.99,75,65,0
24,2.84,57,54,0
18,2.89,54,56,0
29,3.77,56,66,0
25,3.93,65,57,0
20,5.45,63,90,1
25,1.6,86,58,0
22,6.91,90,51,1
18,1.68,53,63,0
24,3.1,85,44,0
22,5.03,97,63,1
23,7.96,66,66,1
23,7.39,96,87,1
25,6.46,85,69,1
26,1.56,55,54,0
19,5.47,65,86,1
26,0.87,78,98,0
29,3.77,85,77,1
28,4.14,87,83,1
27,0.4,86,73,0
26,2.74,97,66,1
27,9.56,97,59,1
27,9.54,59,80,1
24,3.52,90,71,1
18,0.43,85,43,0
24,1.79,78,44,0
27,3.92,63,92,0
22,9.48,53,97,1
23,1.41,93,47,0
27,7.64,91,61,1
24,1.09,85,81,0
22,9.81,99,46,1
24,3.82,94,61,1
26,7.75,62,85,1
20,3.43,95,69,1
25,6.28,67,76,0
19,1.92,82,55,0
28,1.46,70,54,0
24,9.38,65,44,0
19,9.18,64,42,1
21,8.87,54,62,0
24,6.25,55,49,0
20,8.08,87,44,1
19,0.69,52,62,0
28,3.35,97,54,1
27,3.14,61,57,0
24,6.36,85,64,1
18,3.56,82,47,0
25,1.49,85,70,0
20,5.96,82,60,1
29,8.14,80,41,1
29,3.82,70,61,0
19,1.32,76,47,0
20,1.97,76,62,0
22,2.37,57,71,0
28,3.0,86,47,0
25,6.43,81,43,0
27,6.01,75,69,1
24,6.96,51,58,0
24,3.63,61,62,0
29,8.24,71,57,1
24,2.04,66,92,0
25,4.69,56,68,0
18,8.01,92,62,1
21,1.8,53,72,0
23,1.1,86,91,1
26,8.84,87,86,1
19,3.43,81,57,0
18,6.84,60,93,1
27,0.25,50,83,0
29,6.9,74,72,1
19,3.16,91,46,0
24,0.56,73,90,0
20,6.1,92,67,1
27,2.41,66,40,0
19,3.87,57,95,0
28,0.81,94,78,1
24,1.47,76,73,0
19,2.98,67,78,0
20,0.9,76,58,0
28,9.11,71,70,1
24,0.06,65,52,0
21,4.84,51,96,0
18,1.23,54,63,0
22,3.08,67,44,0
29,9.26,52,62,1
26,1.62,76,58,0
25,9.66,66,40,0
29,2.06,65,72,0
26,7.42,55,98,1
27,5.47,56,89,0
26,8.84,99,95,1
24,5.54,63,72,0
21,5.35,87,71,1
22,1.95,89,98,1
18,1.66,64,67,0
18,9.16,96,76,1
20,3.28,96,80,1
25,3.72,97,51,1
19,7.6,82,48,0
21,3.39,92,89,1
19,9.52,76,94,1
22,7.38,78,50,1
26,5.97,86,72,1
18,8.81,54,58,0
22,0.5,78,93,0
26,2.57,81,96,1
18,4.65,55,81,0
26,2.27,51,73,0
25,7.44,55,46,0
21,9.19,95,70,1
29,4.24,92,91,1
28,3.42,53,41,0
27,9.62,78,58,1
22,4.45,74,77,1
22,4.89,58,71,0
28,3.52,52,49,0
29,9.1,75,80,1
23,5.69,97,47,1
24,7.62,92,65,1
25,8.12,76,69,1
25,3.42,85,50,0
28,4.34,81,80,1
19,8.48,50,59,0
26,3.63,65,99,0
24,7.94,97,59,1
21,9.41,60,48,1
21,6.23,75,47,0
28,7.42,89,99,1
25,8.05,50,54,0
21,8.45,75,73,1
23,3.95,77,63,0
22,0.51,58,72,0
20,4.02,93,80,1
27,6.74,71,80,1
28,4.5,57,84,0
19,7.49,98,79,1
26,3.57,91,66,0
27,6.35,76,60,0
26,1.86,88,44,0
18,7.49,68,74,1
27,5.46,74,60,0
20,2.04,87,43,0
25,2.92,70,88,1
23,7.49,73,87,1
22,4.83,73,55,0
22,2.16,68,96,0
23,9.67,99,70,1
24,7.15,96,65,1
18,9.57,51,91,1
26,4.27,63,74,0
20,4.75,81,45,0
21,8.98,91,72,1
27,5.25,81,60,0
18,7.07,77,55,1
28,2.52,97,86,1
27,4.47,88,78,1
20,1.23,89,73,0
19,2.06,91,81,1
19,0.01,96,96,1
18,0.39,89,99,1
25,9.77,62,54,1
20,2.42,61,45,0
20,6.63,57,41,0
23,8.39,64,63,1
25,5.51,75,95,1
26,1.53,61,88,0
26,7.28,92,67,1
21,6.0,95,40,1
22,7.31,76,40,0
19,7.7,67,67,1
28,9.75,94,75,1
26,5.74,85,59,1
25,3.42,98,87,1
20,6.48,76,47,0
28,0.68,58,40,0
29,8.97,88,65,1
26,1.19,50,90,0
20,3.28,56,82,0
26,8.16,75,88,1
19,5.97,56,64,0
29,3.94,56,49,0
27,4.73,57,51,0
26,8.55,65,80,1
25,3.4,52,46,0
26,8.7,94,51,1
22,0.88,59,86,0
28,7.77,99,79,1
28,8.48,56,56,0
19,1.82,70,44,0
25,4.3,86,53,0
29,1.65,80,73,0
23,7.07,72,87,1
25,5.35,76,56,0
28,6.35,71,74,1
22,1.96,88,94,1
27,2.12,76,40,0
19,0.41,98,98,1
23,3.22,53,89,0
22,5.6,73,89,1
29,8.58,72,75,1
29,6.67,97,54,1
22,4.35,68,99,1
18,9.53,91,58,1
19,7.19,52,90,1
25,9.3,76,81,1
20,5.28,52,44,0
27,2.59,77,58,0
20,0.53,66,82,0
25,7.26,80,78,1
25,1.21,59,44,0
19,3.03,98,91,1
25,5.32,71,51,0
28,5.64,79,58,0
18,6.01,98,86,1
23,1.66,70,51,0
25,3.8,85,75,1
20,6.17,72,51,0
25,9.7,87,57,1
29,7.28,61,88,1
18,9.23,74,90,1
28,7.62,69,87,1
28,5.92,98,82,1
26,1.92,98,73,1
28,6.67,91,87,1
26,6.23,56,72,0
22,6.02,78,88,1
27,4.9,97,57,1
21,5.29,78,96,1
28,3.34,62,68,0
23,5.19,52,84,0
29,1.98,51,44,0
24,8.05,65,64,1
22,1.86,79,63,0
28,0.85,87,68,0
27,4.36,55,98,0
26,6.58,94,77,1
20,4.38,56,72,0
24,2.77,54,49,0
27,5.58,56,76,0
27,3.47,83,99,1
28,9.33,81,72,1
22,9.23,98,62,1
24,5.02,62,97,1
19,3.28,79,50,0
21,7.37,74,63,1
19,0.37,70,63,0
29,4.75,70,46,0
24,3.36,77,89,1
19,9.21,97,60,1
28,0.12,69,59,0
18,5.53,83,92,1
26,7.41,54,49,0
18,4.85,67,64,0
25,0.85,88,86,0
19,9.72,92,75,1
29,5.18,60,87,1
25,6.14,66,86,1
20,2.37,97,54,1
23,4.83,94,83,1
20,4.29,71,79,0
24,0.75,86,79,0
27,1.06,69,89,0
26,8.37,97,45,1
19,2.4,97,76,1
29,1.95,97,41,0
29,5.05,95,51,1
22,7.69,55,97,1
23,0.62,83,43,0
21,5.77,63,62,0
21,1.19,97,52,0
21,0.36,72,56,0
19,0.53,69,70,0
21,8.34,62,55,0
28,1.18,96,80,1
18,0.45,93,65,0
29,4.38,90,67,1
23,8.44,81,40,1
18,2.62,75,86,1
27,4.22,99,51,0
23,0.4,63,76,0
18,4.49,85,94,1
23,5.78,57,95,1
27,5.71,89,89,1
25,3.32,71,59,0
28,3.16,71,41,0
19,1.07,65,75,0
19,3.67,76,54,0
29,0.99,59,77,0
21,7.67,74,61,1
28,9.66,80,83,1
20,9.7,70,89,1
21,8.65,76,71,1
29,6.01,66,98,1
24,7.01,82,59,1
28,2.85,80,75,1
18,6.31,99,72,1
23,4.56,91,54,0
20,4.82,75,89,1
28,7.58,70,85,1
27,2.82,85,42,0
24,3.18,50,68,0
27,9.25,53,86,1
19,0.56,53,66,0
19,4.86,75,44,0
21,9.13,53,98,1
18,6.1,98,95,1
20,5.46,58,70,0
26,2.5,79,61,0
24,3.43,94,74,1
24,8.52,53,93,1
28,5.59,54,46,0
21,5.15,94,45,1
19,1.0,72,65,0
21,0.16,65,93,0
23,9.64,71,40,0
28,3.77,86,58,0
28,6.03,57,46,0
20,0.8,97,75,1
18,6.83,82,51,1
29,9.33,87,59,1
25,5.76,92,62,1
29,1.26,65,64,0
22,5.82,54,69,0
22,7.66,65,98,1
28,4.06,56,68,0
21,8.8,50,70,0
23,6.49,58,57,0
20,8.99,67,80,1
26,6.24,94,58,1
22,1.31,96,93,1
20,3.1,52,43,0
28,2.02,73,40,0
18,9.09,77,80,1
27,7.6,59,98,1
29,6.76,58,54,0
23,3.01,62,93,0
19,1.84,97,47,0
20,7.56,84,54,1
18,4.74,72,54,0
26,2.26,96,89,1
25,6.17,66,78,1
29,0.4,95,61,0
19,3.26,56,57,0
29,4.69,65,55,0
28,1.48,89,41,0
25,9.85,85,75,1
29,2.09,69,59,0
26,1.3,73,55,0
18,2.04,96,42,0
22,7.69,54,95,1
25,4.26,94,69,1
28,5.65,55,94,1
19,0.21,77,41,0
21,0.34,54,74,0
24,4.46,98,65,1
20,8.17,88,96,1
29,8.85,87,44,1
22,0.87,51,41,0
25,5.38,92,90,1
29,9.13,88,95,1
27,3.88,70,59,0
20,8.3,89,73,1
21,1.34,86,73,0
26,9.35,67,93,1
24,7.51,97,95,1
18,9.41,95,94,1
29,6.77,61,59,0
21,3.63,66,89,0
21,9.38,86,64,1
26,2.76,95,59,0
23,3.32,87,64,0
26,7.01,64,92,1
29,7.65,56,53,0
23,9.29,63,99,1
23,2.05,99,86,1
22,7.98,50,83,1
22,7.39,87,82,1
19,0.64,52,82,0
25,3.87,86,78,1
25,2.83,93,51,0
28,3.04,80,87,1
18,9.83,92,44,1
25,6.43,62,41,0
22,7.18,97,93,1
19,9.77,67,55,1
19,3.77,66,94,0
23,8.02,66,69,1
28,4.35,60,86,0
26,8.7,69,82,1
18,1.81,59,77,0
29,9.48,78,84,1
23,2.19,97,90,1
26,3.26,83,81,1
25,7.56,66,63,1
28,3.94,91,90,1
23,6.08,62,69,0
20,4.45,93,76,1
25,7.42,96,96,1
26,2.28,88,98,1
18,0.58,76,92,0
29,3.0,75,78,0
26,4.74,77,50,0
23,1.68,62,53,0
23,3.55,61,62,0
29,4.0,93,92,1
21,0.57,77,55,0
18,5.83,51,89,0
27,8.84,86,60,1
25,1.52,83,94,1
19,5.98,72,94,1
29,6.65,94,43,1
18,4.19,78,72,1
19,7.01,84,93,1
18,4.11,60,86,0
18,5.05,97,53,1
26,0.07,82,58,0
18,6.92,60,98,1
21,6.61,58,44,0
27,0.38,63,75,0
23,3.68,58,70,0
24,9.79,88,84,1
19,4.21,97,57,1
23,5.02,52,83,0
24,9.1,78,70,1
27,7.17,68,94,1
27,5.82,85,69,1
19,7.98,81,60,1
19,8.64,56,86,1
27,4.57,77,69,1
24,4.75,93,94,1
29,3.86,67,80,0
18,9.67,54,43,0
25,6.97,72,44,0
28,0.83,71,80,0
20,8.63,75,84,1
28,4.81,91,49,1
23,0.69,61,66,0
26,5.5,89,55,1
23,4.17,68,69,0
26,8.78,96,52,1
24,2.04,50,75,0
26,8.26,52,60,0
19,5.58,76,84,1
29,0.55,67,92,0
25,9.72,99,79,1
25,5.13,79,84,1
19,2.91,51,54,0
29,4.69,54,59,0
21,8.58,78,59,1
28,3.05,82,84,1
24,1.93,91,94,1
28,1.29,69,98,0
21,2.98,79,44,0
21,7.8,91,93,1
23,4.72,54,93,0
27,2.27,99,99,1
23,1.66,70,71,0
27,3.33,64,45,0
20,9.4,69,69,1
26,3.43,57,65,0
29,9.88,98,76,1
27,4.85,80,52,0
28,1.79,61,68,0
19,8.91,70,44,0
23,4.6,79,64,1
29,7.1,76,52,0
24,9.84,93,63,1
29,0.5,75,70,0
26,0.97,82,59,0
20,7.2,75,94,1
27,2.82,75,47,0
20,1.84,85,99,1
24,0.39,89,48,0
21,0.22,50,60,0
25,7.74,64,90,1
24,1.34,99,59,1
22,4.68,50,54,0
24,6.06,60,65,0
20,4.28,51,93,0
29,0.27,50,81,0
19,7.84,80,50,1
23,0.11,93,76,1
19,7.62,65,80,1
20,8.93,71,50,0
23,4.33,91,66,1
22,5.36,67,69,0
25,4.77,96,58,1
26,3.89,66,73,0
28,8.87,79,77,1
20,8.94,59,62,1
29,3.36,84,92,1
27,6.15,70,40,0
20,9.27,65,42,0
20,9.62,55,42,0
23,5.09,52,67,0
18,4.53,90,53,0
24,2.79,92,91,1
29,9.59,70,69,1
18,1.43,62,97,0
22,5.8,67,93,1
27,2.83,73,44,0
25,2.79,76,88,0
21,4.05,53,54,0
22,9.99,71,77,1
21,0.55,73,53,0
29,5.79,89,53,1
29,0.83,94,96,1
21,1.55,59,98,0
29,4.4,51,88,0
25,5.1,89,47,0
19,2.59,55,47,0
18,3.16,97,58,1
20,0.87,67,71,0
26,3.03,66,70,0
21,9.67,87,68,1
27,9.45,94,80,1
22,3.35,72,50,0
19,5.71,95,84,1
21,9.1,79,52,1
19,0.06,70,66,0
19,8.11,59,95,1
21,9.48,92,58,1
23,0.91,62,65,0
24,1.61,61,92,0
27,9.61,58,90,1
20,5.38,53,76,0
20,0.14,88,87,0
27,2.58,73,48,0
23,4.5,83,67,1
29,6.93,88,71,1
20,7.33,90,91,1
19,9.95,54,93,1
25,2.88,64,42,0
22,5.38,99,90,1
18,5.33,53,71,0
20,4.06,88,44,0
27,1.69,57,47,0
25,9.77,98,53,1
21,8.53,94,95,1
24,4.98,73,42,0
27,6.03,77,63,0
29,2.27,92,52,0
19,5.44,76,82,1
24,6.95,50,68,0
22,5.15,83,47,0
22,9.9,66,90,1
23,6.11,86,81,1
26,3.71,87,70,1
23,7.72,75,65,1
29,1.7,73,57,0
25,3.85,88,97,1
24,3.47,70,57,0
26,4.32,79,96,1
21,7.82,96,46,1
19,4.84,97,87,1
24,7.94,62,77,1
23,5.76,86,87,1
18,3.42,52,55,0
28,8.1,81,94,1
26,2.38,84,95,1
26,2.24,68,99,0
29,5.05,63,72,0
19,2.61,97,95,1
20,0.09,71,90,0
22,6.48,66,42,0
22,5.11,53,77,0
18,4.46,94,43,0
25,9.67,89,75,1
29,5.71,68,43,0
25,8.63,86,81,1
21,1.39,51,48,0
24,5.69,64,79,1
28,8.68,51,90,1
27,5.83,60,56,0
20,7.18,94,56,1
23,3.72,72,72,0
27,0.92,59,59,0
27,4.58,52,53,0
29,3.94,54,61,0
26,8.67,52,91,1
18,2.44,87,66,0
22,9.67,62,82,1
21,9.58,91,42,1
25,2.48,68,63,0
28,3.48,89,69,0
29,8.96,99,47,1
18,9.67,84,61,1
26,4.43,73,64,0
23,3.21,73,99,1
21,5.26,66,49,0
29,6.88,89,88,1
26,2.73,59,68,0
28,7.36,51,79,0
22,0.52,93,93,1
22,0.49,72,40,0
29,3.86,55,91,0
22,3.53,51,60,0
18,3.16,70,78,0
18,4.91,84,63,1
25,3.21,98,48,0
29,1.92,78,99,1
25,3.09,56,83,0
29,9.75,78,93,1
23,4.11,86,65,1
29,4.45,72,48,0
28,5.77,82,59,1
21,9.83,57,95,1
19,2.42,61,74,0
19,6.81,95,75,1
26,7.16,97,81,1
22,6.07,59,75,0
21,0.89,64,93,0
27,6.77,73,48,0
18,0.64,75,61,0
24,5.96,96,40,1
20,7.4,91,44,1
23,2.11,88,48,0
22,8.42,52,76,1
22,0.3,51,77,0
28,8.44,55,58,0
22,4.6,70,47,0
18,2.18,58,81,0
18,1.34,59,82,0
20,9.53,85,71,1
29,0.73,52,52,0
27,1.99,90,59,0
21,3.48,73,75,0
22,6.2,71,82,1
19,5.45,98,83,1
25,1.26,63,76,0
28,2.9,91,69,1
28,2.39,94,49,0
19,2.14,93,70,0
26,4.11,76,64,0
19,7.04,82,68,1
26,2.17,71,63,0
24,3.67,78,78,1
25,3.91,68,60,0
28,9.76,68,80,1
19,9.55,55,48,0
24,8.0,94,81,1
29,2.42,68,81,0
23,0.68,62,41,0
21,3.17,75,43,0
24,2.67,71,47,0
21,5.06,70,71,0
19,7.78,85,53,1
27,8.58,51,88,1
29,8.45,96,52,1
24,3.6,93,60,1
25,6.87,79,63,1
19,3.13,76,89,0
22,0.61,56,57,0
18,7.02,69,84,1
24,0.1,99,79,1
25,4.09,80,65,0
23,3.29,72,71,0
22,6.93,62,83,1
23,7.66,66,96,1
19,3.04,53,94,0
18,8.12,63,95,1
24,2.94,69,92,1
24,4.46,62,72,0
27,7.27,52,91,1
28,6.93,75,70,1
27,9.87,75,57,1
19,2.25,67,74,0
19,6.62,81,51,1
18,6.1,63,90,1
27,9.15,96,64,1
25,1.56,52,84,0
25,7.52,50,70,0
18,5.68,75,49,0
29,2.75,73,86,1
28,4.74,98,91,1
25,3.34,84,73,1
26,5.79,63,90,1
21,8.89,52,42,0
18,5.69,62,85,1
18,6.32,96,78,1
20,5.19,99,47,1
22,0.51,63,71,0
22,2.33,70,82,0
26,4.92,75,68,0
27,3.1,52,61,0
29,1.82,89,59,0
19,5.04,53,45,0
19,3.23,85,82,1
23,2.58,92,88,1
26,4.64,50,68,0
18,1.33,89,81,0
26,9.28,96,95,1
26,8.68,82,56,1
26,7.08,56,70,1
22,1.06,60,92,0
26,7.76,76,73,1
28,8.08,63,77,1
21,7.68,71,96,1
19,1.14,65,76,0
23,6.44,95,43,1
21,8.34,61,41,0
23,5.77,98,51,1
20,6.46,95,74,1
23,4.58,59,45,0
19,5.29,73,95,1
19,0.34,95,85,1
26,6.39,67,47,0
24,0.81,71,60,0
20,4.35,58,92,0
28,2.93,66,97,0
18,5.45,87,85,1
25,1.33,89,74,0
23,6.92,62,87,1
24,7.95,99,54,1
26,1.63,86,46,0
22,1.04,55,54,0
18,1.46,70,84,0
29,8.77,85,45,1
27,5.28,56,86,0
24,4.67,85,56,0
22,1.07,74,43,0
20,6.5,60,61,0
29,8.68,93,71,1
26,8.28,63,98,1
18,6.26,94,61,1
18,0.75,78,66,0
18,1.12,59,85,0
20,0.49,99,54,0
29,2.57,97,99,1
23,1.36,54,83,0
27,2.6,57,90,0
28,3.85,95,61,1
20,9.43,54,67,0
25,6.1,73,81,1
27,8.35,89,77,1
19,7.1,75,99,1
26,1.13,55,96,0
20,7.36,65,48,0
22,2.75,85,73,0
27,6.39,61,75,0
25,3.41,60,48,0
19,9.98,52,54,0
23,2.64,93,84,1
29,2.79,86,59,0
22,9.31,55,47,0
27,0.25,68,97,0
26,6.97,67,67,1
29,7.25,65,90,1
22,8.36,72,58,1
19,9.74,92,96,1
22,9.76,86,55,1
29,0.65,58,50,0
21,8.22,52,81,0
28,6.46,57,47,0
24,6.47,87,72,1
23,1.28,53,49,0
19,6.5,61,57,0
29,9.82,93,74,1
28,9.12,80,82,1
28,4.39,74,89,1
22,0.4,65,42,0
24,3.62,91,79,1
28,8.26,63,66,1
24,7.01,62,98,1
22,4.59,90,67,1
29,0.55,56,85,0
26,4.27,61,45,0
21,4.69,86,86,1
28,9.29,99,53,1
20,6.41,53,46,0
21,3.12,51,49,0
22,5.25,84,54,1
23,0.66,93,70,0
20,9.73,52,68,0
19,3.6,53,81,0
21,4.78,87,93,1
22,3.55,61,56,0
21,6.83,68,98,1
28,6.62,59,90,1
29,7.15,50,68,0
20,2.68,66,88,0
25,3.16,65,83,0
27,1.25,58,54,0
21,6.56,58,65,0
19,0.4,58,51,0
19,5.98,61,64,0
18,8.7,90,80,1
21,8.91,64,44,0
27,4.49,51,43,0
26,4.59,60,83,0
28,0.77,60,87,0
24,6.71,57,80,0
29,8.21,81,96,1
27,2.45,55,70,0
24,4.21,69,42,0
24,8.39,88,92,1
25,8.77,84,42,1
18,2.43,57,65,0
27,5.51,99,89,1
27,1.92,98,56,0
25,1.02,92,99,1
21,9.11,83,49,1
21,8.21,68,41,0
21,7.6,56,63,0
23,0.49,80,50,0
24,8.44,67,63,1
23,4.38,89,74,1
18,3.42,63,62,0
29,5.46,88,71,1
25,0.91,85,62,0
27,7.57,66,73,1
28,5.82,86,80,1
24,1.87,93,58,0
23,1.88,58,41,0
23,1.84,69,99,0
22,0.57,94,90,1
23,5.88,77,41,0
29,8.4,99,54,1
26,0.17,69,95,0
27,0.49,90,60,0
26,5.73,85,74,1
27,8.19,76,44,0
25,3.27,57,82,0
27,3.5,81,66,1
26,5.96,50,63,0
27,2.74,66,46,0
25,0.27,58,45,0
25,7.35,69,85,1
18,6.26,94,72,1
27,5.81,81,97,1
28,7.42,51,88,1
22,6.75,81,56,1
21,2.06,94,85,1
19,3.52,58,81,0
25,1.26,79,69,0
20,1.3,69,47,0
21,6.76,87,79,1
29,8.59,50,85,0
24,9.63,54,46,0
27,6.28,84,45,1
26,1.84,85,43,0
19,1.06,50,40,0
20,8.13,63,54,0
21,5.79,58,70,0
27,6.18,79,64,1
18,7.81,73,86,1
24,7.03,53,72,0
19,8.34,99,91,1
22,0.56,63,74,0
18,7.48,74,94,1
20,8.51,53,44,0
29,2.86,74,44,0
19,6.4,59,75,0
18,3.14,84,56,0
24,9.58,56,92,1
22,0.33,91,91,1
18,5.8,62,53,0
23,1.67,53,97,0
22,7.12,99,68,1
20,1.76,92,47,0
29,2.35,85,73,0
24,4.94,63,79,0
28,9.15,67,40,1
27,2.12,57,68,0
26,1.44,81,75,0
26,7.59,76,90,1
26,5.01,91,76,1
19,9.12,86,68,1
20,1.47,72,44,0
24,6.46,56,92,1
22,2.33,61,71,0
19,1.57,74,99,0
20,6.83,52,91,1
27,5.94,75,63,0
23,7.55,53,58,0
24,3.09,91,51,0
26,4.48,85,91,1
18,4.05,64,40,0
28,9.84,81,46,1
24,2.92,78,56,0
25,2.95,59,73,0
29,3.55,70,82,0
20,5.65,65,46,0
21,2.52,96,56,1
27,9.15,68,98,1
23,2.66,78,42,0
27,8.96,67,68,1
24,1.03,93,61,0
21,6.57,65,77,0
25,9.07,50,93,1
22,1.69,97,82,1
18,9.68,51,68,0
21,4.53,64,89,0
20,9.46,88,89,1
26,6.77,77,93,1
25,3.02,50,81,0
18,1.88,54,44,0
28,3.04,91,69,1
23,0.93,71,62,0
26,1.44,85,94,1
24,1.05,95,60,0
21,4.23,62,95,0
18,7.96,50,65,0
29,1.41,65,93,0
19,1.3,90,86,1
29,6.43,71,60,1
22,1.97,81,59,0
29,0.98,65,62,0
28,1.67,64,43,0
22,9.24,95,60,1
25,8.21,91,60,1
23,3.54,61,40,0
25,6.56,50,54,0
19,5.37,66,56,0
20,6.77,90,90,1
23,6.83,99,53,1
29,6.29,77,98,1
27,2.66,56,58,0
20,0.39,58,89,0
23,4.56,71,99,1
23,8.91,75,73,1
19,5.69,61,45,0
24,8.32,56,84,1
29,9.92,95,88,1
19,1.64,96,45,0
23,6.92,64,92,1
18,6.74,87,93,1
20,9.8,70,44,1
19,9.86,63,46,0
24,6.87,51,72,0
21,2.44,57,52,0
25,7.99,94,90,1
23,1.07,55,93,0
29,7.81,86,40,1
27,9.1,86,52,1
21,3.83,82,82,1
22,6.31,90,66,1
26,4.3,55,46,0
24,4.38,75,91,1
27,3.1,88,42,0
26,7.62,90,97,1
24,9.36,86,64,1
29,9.41,63,72,1
18,1.75,86,79,0
29,8.75,57,56,0
25,7.37,88,84,1
21,2.53,62,53,0
20,0.67,62,76,0
24,2.68,89,97,1
29,9.12,92,95,1
20,6.33,77,93,1
25,7.21,67,62,0
23,2.57,68,98,0
22,7.19,87,63,1
21,0.28,81,68,0
25,3.75,71,77,0
25,6.27,51,98,1
29,1.46,62,93,0
18,8.23,72,66,1
26,2.35,74,77,0
22,6.52,77,92,1
21,4.05,60,79,0
23,5.96,82,84,1
23,1.07,73,89,0
19,0.17,51,62,0
25,9.1,79,70,1
24,2.7,66,75,0
18,8.2,89,56,1
22,9.99,83,76,1
29,2.11,87,42,0
23,2.65,71,75,0
21,6.63,54,94,1
19,9.65,97,44,1
21,9.16,89,85,1
18,5.03,65,54,0
24,7.95,62,91,1
19,1.36,75,88,0
19,9.77,80,45,1
26,9.64,88,98,1
22,1.64,97,49,0
19,2.99,72,93,1
28,1.0,97,71,0
26,2.72,61,62,0
26,8.16,63,87,1
18,3.78,67,56,0
28,0.88,76,85,0
20,3.42,77,59,0
21,9.81,67,83,1
24,6.3,65,80,0
27,4.16,65,54,0
21,1.67,62,83,0
19,9.86,78,85,1
24,8.21,58,97,1
23,2.81,75,61,0
20,0.7,77,89,0
23,0.57,90,91,1
28,1.2,62,45,0
23,5.81,85,43,0
29,9.29,58,97,1
22,4.97,96,62,1
21,8.43,63,83,1
27,4.46,61,84,0
29,7.09,81,58,1
18,7.32,87,93,1
27,1.74,52,84,0
23,3.61,65,70,0
19,6.37,69,83,1
20,0.71,81,91,0
25,3.62,72,42,0
27,5.35,66,67,0
23,9.96,65,42,1
20,4.75,87,53,1
24,8.16,57,57,0
21,4.32,68,66,0
26,7.96,79,90,1
22,5.95,83,99,1
20,8.87,63,49,0
19,4.11,71,88,1
28,6.04,93,54,1
19,6.3,66,58,0
20,4.17,64,48,0
19,1.44,99,43,0
21,0.94,97,54,0
19,0.17,81,90,0
27,8.74,62,87,1
26,2.36,70,47,0
19,2.12,98,88,1
26,7.36,89,92,1
23,3.2,82,40,0
18,5.06,76,46,0
21,1.63,84,92,1
18,9.6,65,70,1
23,8.52,77,57,1
21,8.64,83,51,1
20,4.07,96,87,1
20,7.62,50,69,0
26,1.44,90,72,0
23,0.09,97,98,1
26,0.2,80,86,0
22,5.87,85,46,1
19,4.55,93,67,1
25,5.18,82,88,1
22,0.07,82,42,0
19,4.23,88,82,1
21,7.18,67,45,0
26,4.43,72,70,0
21,7.32,72,77,1
29,2.33,64,54,0
29,8.13,75,46,1
29,5.88,79,82,1
21,2.11,74,69,0
19,2.37,94,66,1
29,6.28,65,56,0
23,8.3,88,94,1
28,4.16,97,57,1
19,2.58,94,61,0
29,8.67,63,95,1
24,6.69,66,92,1
20,4.48,61,65,0
20,4.88,78,90,1
22,2.04,81,66,0
20,6.27,73,79,1
19,3.59,62,63,0
27,9.96,69,91,1
26,4.8,64,47,0
19,4.86,53,60,0
28,5.66,83,68,1
19,9.17,77,82,1
25,8.01,99,60,1
26,4.51,51,42,0
24,7.19,96,70,1
20,5.86,79,94,1
26,4.92,75,66,0
20,1.92,96,85,1
22,4.64,75,66,0
26,2.46,69,48,0
29,9.15,91,96,1
20,3.35,77,72,1
24,9.52,69,72,1
29,5.33,60,65,0
18,6.32,59,67,0
21,5.43,72,83,1
21,1.29,86,82,0
24,3.76,90,70,1
25,0.99,68,92,0
18,6.23,94,40,1
22,4.47,67,59,0
24,7.78,98,51,1
29,2.2,76,56,0
21,1.65,55,54,0
21,4.06,59,73,0
21,9.27,51,89,1
29,7.1,73,55,0
23,4.19,87,43,0
24,5.17,77,47,0
19,0.84,77,73,0
22,9.85,94,85,1
21,6.66,99,64,1
20,2.85,88,54,0
24,5.86,51,67,0
28,1.09,95,48,0
29,9.66,54,41,0
23,1.75,99,56,1
24,6.48,60,97,1
22,2.45,59,49,0
23,7.18,92,48,1
22,7.77,51,70,0
24,6.73,64,41,0
19,6.14,88,63,1
28,8.92,90,58,1
22,0.79,86,56,0
23,3.31,56,82,0
23,2.48,69,88,0
22,9.88,83,49,1
27,3.89,84,89,1
24,7.33,83,94,1
27,6.85,71,67,1
25,2.12,80,77,0
24,2.39,72,87,0
22,2.81,68,67,0
18,4.11,53,98,0
22,2.34,73,89,0
27,0.2,69,91,0
19,8.79,88,89,1
22,9.66,77,40,1
22,3.42,88,99,1
19,3.39,66,42,0
22,0.07,68,54,0
21,6.8,97,91,1
18,8.25,84,49,1
20,1.47,81,60,0
18,1.6,96,76,1
29,7.9,95,54,1
28,6.16,96,62,1
22,0.45,95,53,0
21,6.23,88,54,1
24,3.09,84,49,0
22,3.69,79,95,1
27,7.7,66,48,0
21,8.11,91,83,1
19,4.0,96,78,1
21,9.47,78,44,1
29,4.06,55,64,0
19,7.72,66,95,1
25,4.84,66,81,0
20,8.98,63,96,1
26,9.08,73,65,1
21,0.87,99,47,0
23,9.36,86,61,1
27,8.26,89,91,1
22,7.91,88,64,1
27,2.01,81,87,1
18,8.05,85,51,1
26,8.5,99,48,1
18,2.89,86,49,0
25,9.52,97,87,1
26,0.5,63,49,0
26,1.5,76,48,0
18,5.38,68,65,0
19,5.76,80,74,1
29,6.45,95,66,1
18,0.17,58,99,0
27,9.6,87,70,1
19,0.45,66,58,0
27,1.43,68,82,0
29,0.14,93,77,0
25,5.67,53,45,0
22,9.32,97,54,1
29,6.66,60,68,0
28,8.23,71,86,1
24,0.13,53,84,0
19,5.42,66,93,1
25,4.6,57,44,0
28,4.99,95,53,1
23,0.72,83,92,1
25,6.84,60,41,0
18,5.03,80,62,1
18,7.65,60,83,1
29,4.85,87,91,1
24,1.49,70,85,0
25,6.48,95,58,1
20,1.72,79,63,0
22,8.72,59,59,1
29,6.13,75,86,1
18,1.57,76,66,0
24,9.62,57,91,1
22,5.18,88,63,1
25,0.73,57,56,0
25,6.27,57,64,0
26,2.53,83,85,1
24,8.04,65,94,1
28,8.18,90,70,1
18,9.79,62,67,1
20,5.02,72,89,1
25,4.55,61,98,1
20,7.53,76,67,1
25,1.32,71,61,0
18,5.47,81,95,1
22,5.46,98,98,1
21,0.89,76,44,0
22,4.18,51,93,0
25,8.53,94,83,1
27,8.56,82,81,1
21,0.99,75,47,0
28,0.91,77,77,0
21,2.63,68,67,0
20,8.75,92,96,1
24,1.29,54,86,0
20,7.2,82,51,1
29,1.01,69,96,0
20,6.23,79,64,1
28,3.56,94,77,1
27,7.89,57,83,1
22,2.34,87,54,0
22,6.39,66,83,1
23,2.36,93,80,1
25,7.14,50,90,1
27,8.74,52,92,1
23,1.27,95,73,0
29,8.67,75,99,1
18,5.94,80,84,1
25,1.27,57,52,0
25,4.28,92,47,0
26,1.61,95,98,1
26,7.0,57,52,0
19,7.59,84,75,1
19,1.06,88,45,0
20,5.06,77,77,1
18,8.15,53,71,0
21,9.36,65,60,1
21,5.14,62,83,0
26,9.5,69,83,1
26,5.36,54,88,1
26,3.94,86,98,1
27,8.48,69,46,0
24,4.93,73,65,1
19,4.72,85,54,0
27,4.9,83,95,1
22,8.47,94,88,1
21,8.32,97,81,1
29,4.04,83,62,1
28,3.33,68,91,0
25,4.92,66,77,0
19,5.73,54,80,0
23,2.38,74,54,0
22,7.94,67,87,1
29,4.86,99,92,1
19,3.34,57,79,0
28,1.07,76,55,0
27,2.39,64,71,0
18,9.49,94,76,1
25,3.05,62,57,0
19,1.69,65,59,0
24,4.61,71,85,1
26,3.07,69,41,0
26,0.35,62,94,0
25,3.23,69,62,0
28,5.44,51,69,0
29,5.52,84,42,0
27,3.57,96,85,1
26,4.47,68,78,0
19,9.66,94,86,1
23,3.77,86,88,1
21,2.58,55,40,0
21,2.43,63,80,0
22,4.58,53,61,0
29,7.6,71,68,1
20,2.06,88,53,0
18,7.09,85,87,1
25,0.21,83,67,0
22,4.19,76,60,0
20,7.76,56,84,1
27,3.39,52,71,0
24,5.64,96,45,1
24,2.05,82,93,1
18,7.42,51,40,0
29,0.52,91,60,0
26,8.53,65,96,1
19,1.98,74,43,0
22,8.74,64,42,0
22,3.53,73,88,1
25,7.23,64,69,1
25,3.19,80,70,0
24,9.06,63,73,1
24,1.27,63,58,0
29,1.79,55,59,0
28,4.93,63,62,0
23,0.82,66,93,0
23,1.96,67,98,0
28,9.44,69,79,1
26,9.76,66,64,1
23,3.76,65,54,0
29,9.23,89,77,1
19,5.45,88,62,1
19,2.7,81,91,1
22,7.02,93,41,1
21,6.59,58,96,1
28,9.89,76,96,1
19,2.65,95,54,1
20,6.72,82,91,1
24,0.52,59,83,0
25,1.14,66,74,0
29,0.04,98,49,0
23,9.99,98,53,1
28,8.02,85,66,1
22,7.87,66,93,1
18,5.1,67,53,0
25,3.0,72,74,0
20,1.51,83,72,0
23,2.85,57,91,0
20,3.76,62,40,0
24,7.56,72,73,1
24,5.4,69,58,0
29,0.77,71,63,0
26,0.18,96,81,0
22,1.02,72,43,0
25,4.1,90,75,1
27,9.33,84,52,1
27,6.37,52,97,0
25,8.02,83,71,1
18,4.66,82,48,0
29,3.62,95,78,1
22,1.08,66,55,0
20,8.76,94,89,1
18,7.83,68,42,0
21,1.68,79,91,1
25,5.12,72,59,0
20,4.87,64,49,0
27,6.25,63,95,1
19,9.46,51,97,1
28,5.8,88,97,1
26,5.4,98,61,1
27,0.5,67,87,0
22,0.63,55,42,0
24,1.87,81,50,0
28,0.32,70,64,0
28,7.43,89,81,1
19,7.23,77,87,1
26,1.36,76,47,0
26,8.36,51,48,0
21,1.55,82,54,0
21,3.01,65,71,0
23,2.49,88,92,1
27,3.72,71,42,0
27,2.55,92,43,0
27,4.89,96,69,1
23,4.07,62,52,0
29,9.87,51,83,1
18,0.56,63,60,0
26,1.42,87,80,1
19,0.53,90,96,1
22,6.26,77,85,1
26,0.55,56,58,0
21,8.36,67,78,1
28,5.12,90,87,1
20,5.27,85,61,1
24,5.62,90,59,1
23,1.71,85,76,0
25,1.98,93,70,1
20,3.19,53,49,0
22,5.93,79,57,0
27,2.1,73,82,0
21,1.16,69,78,0
21,9.7,95,85,1
21,0.22,80,59,0
27,8.03,73,57,1
25,7.88,56,50,0
23,2.97,75,61,0
20,1.36,62,98,0
27,1.46,57,83,0
22,6.97,54,57,0
23,6.43,93,97,1
22,7.83,62,73,1
23,9.37,78,62,1
25,6.92,69,40,0
24,1.56,63,94,0
22,2.43,81,49,0
27,8.42,99,92,1
23,2.09,76,40,0
21,0.73,74,77,0
29,7.03,53,78,1
26,4.03,70,88,1
21,9.2,67,48,1
18,6.5,88,70,1
24,0.9,64,46,0
24,9.48,87,56,1
21,2.59,97,74,1
20,3.37,73,87,1
25,4.02,57,76,0
22,0.51,77,91,0
27,4.97,70,57,0
24,1.23,65,72,0
21,4.01,65,43,0
21,3.51,84,62,0
25,7.73,66,50,0
25,8.03,58,91,1
19,1.53,84,48,0
19,3.67,78,69,0
20,3.73,88,47,0
29,1.51,67,79,0
29,7.98,61,44,0
20,7.07,68,51,0
18,1.9,97,40,0
20,3.67,71,54,0
23,1.06,98,64,0
25,6.28,64,57,0
29,1.21,50,77,0
27,9.86,51,81,1
23,7.81,57,85,1
22,3.9,71,92,0
21,5.79,74,65,1
20,9.11,51,79,1
21,5.54,58,98,1
24,1.74,58,42,0
18,3.79,62,93,0
24,8.43,55,61,0
18,6.44,79,65,1
19,6.51,64,58,0
21,8.67,64,83,1
18,8.94,99,83,1
28,9.2,56,86,1
29,0.95,60,99,0
28,5.44,89,78,1
28,7.41,87,98,1
26,7.57,89,75,1
29,6.07,51,60,0
23,1.67,97,80,1
18,7.97,88,93,1
18,7.2,59,87,1
23,0.86,93,65,0
21,4.64,66,52,0
21,1.74,56,75,0
28,3.37,89,63,0
23,0.18,88,80,0
29,4.0,53,65,0
28,5.5,84,60,0
24,6.2,96,57,1
26,6.63,85,54,1
27,8.36,80,54,1
22,2.15,74,45,0
26,1.2,90,82,1
21,8.52,62,70,1
27,1.57,67,67,0
19,9.75,70,47,1
20,8.43,97,68,1
28,5.01,50,60,0
18,9.81,85,56,1
23,0.97,99,95,1
23,3.03,57,96,0
18,6.38,97,88,1
28,3.5,70,63,0
20,9.28,92,97,1
22,0.66,70,99,0
20,5.49,76,89,1
27,5.91,68,75,1
20,6.53,72,70,1
27,2.56,99,86,1
20,3.65,92,73,1
22,8.44,84,41,1
22,1.95,89,81,1
21,8.27,91,42,1
18,5.63,97,69,1
22,7.62,54,47,0
27,7.14,90,91,1
22,2.08,57,46,0
21,5.69,60,51,0
23,8.68,65,97,1
27,4.32,88,58,0
21,9.67,96,65,1
24,4.52,73,67,0
24,1.43,70,54,0
19,3.89,72,53,0
20,9.52,98,87,1
18,3.2,87,98,1
25,8.68,96,53,1
26,8.81,57,42,0
21,3.5,56,89,0
23,0.83,51,68,0
26,7.25,79,99,1
23,3.12,62,93,0
29,7.83,72,45,0
29,4.43,78,88,1
29,4.85,87,62,1
26,7.78,86,67,1
21,3.82,69,53,0
25,4.43,82,53,0
26,3.76,78,59,0
21,3.67,99,52,0
22,5.26,64,66,0
25,8.09,72,99,1
29,3.62,91,74,1
27,5.24,52,84,0
23,6.71,86,95,1
29,2.69,78,41,0
24,2.78,94,80,1
20,9.33,57,84,1
24,7.24,71,79,1
29,5.77,78,87,1
25,6.48,51,63,0
27,0.29,90,68,0
23,6.18,98,42,1
27,5.1,99,84,1
26,5.46,94,43,1
23,3.59,50,89,0
29,0.81,93,41,0
26,1.93,69,59,0
21,9.51,70,93,1
25,4.09,86,92,1
28,4.67,57,54,0
21,0.53,76,88,0
19,0.38,96,71,0
27,7.17,84,81,1
28,5.38,55,40,0
26,5.09,94,77,1
22,2.43,93,74,1
21,7.45,68,90,1
19,1.68,67,46,0
18,1.9,50,84,0
28,4.61,74,52,0
24,2.86,76,88,0
23,2.47,56,40,0
19,6.45,93,53,1
25,6.51,91,68,1
28,8.25,78,97,1
21,4.18,80,42,0
25,0.73,93,85,0
24,2.74,92,63,0
22,9.8,85,40,1
27,5.96,68,87,1
27,7.1,55,49,0
29,0.07,74,52,0
25,5.18,80,75,1
26,0.38,58,48,0
22,5.69,69,53,0
27,9.21,59,75,1
22,9.68,86,49,1
19,5.41,76,79,1
22,4.58,62,62,0
20,9.45,90,74,1
24,6.74,51,94,1
27,0.65,99,46,0
22,4.66,70,81,0
25,2.4,82,74,0
18,4.7,73,41,0
20,4.55,93,54,0
20,5.82,91,48,1
26,3.57,83,86,1
22,1.64,58,56,0
29,5.04,51,78,0
26,8.3,79,91,1
26,6.64,71,57,0
18,3.38,95,54,1
19,9.36,60,57,0
22,9.12,92,63,1
21,2.09,66,62,0
27,0.39,85,51,0
26,7.41,62,62,0
24,8.28,56,60,0
23,9.68,65,65,1
24,8.9,82,47,1
18,6.01,94,69,1
18,5.3,50,73,0
25,0.28,60,41,0
19,2.47,55,44,0
29,4.6,69,70,0
27,6.29,84,72,1
28,5.57,93,93,1
26,7.43,86,43,1
24,2.8,90,45,0
23,5.65,75,62,0
18,0.88,61,84,0
18,4.14,79,58,0
19,7.5,77,82,1
23,6.93,76,84,1
23,9.91,91,47,1
19,2.78,68,78,0
18,4.98,54,52,0
27,3.3,54,40,0
22,4.41,90,45,0
22,8.57,76,46,1
19,6.84,77,87,1
23,8.82,75,66,1
26,2.04,76,54,0
19,8.73,98,91,1
27,0.6,91,73,0
19,8.89,70,97,1
20,3.29,50,96,0
24,3.15,77,62,0
23,5.12,97,87,1
29,9.41,64,88,1
25,0.48,66,63,0
25,3.52,75,54,0
23,8.57,69,74,1
29,3.96,74,43,0
28,1.99,62,83,0
27,4.25,82,76,0
20,3.86,74,56,0
20,9.15,57,70,1
18,7.62,54,77,0
24,5.05,55,49,0
22,9.88,72,93,1
21,4.65,79,89,1
27,0.58,63,66,0
21,2.62,72,81,0
21,4.36,60,45,0
23,1.57,80,95,0
25,9.48,55,45,0
25,7.67,60,91,1
22,2.68,62,54,0
23,5.91,61,43,0
21,7.21,51,96,1
29,9.41,84,87,1
28,8.82,85,93,1
26,5.15,66,95,1
25,7.75,77,79,1
27,5.62,77,46,0
29,5.53,71,90,1
27,1.15,87,97,1
18,1.26,56,88,0
19,5.3,64,92,1
26,2.69,81,84,0
25,0.21,60,86,0
20,7.23,73,65,1
25,0.32,52,97,0
29,5.95,79,70,1
18,5.39,55,41,0
27,9.69,51,67,1
21,4.84,63,81,0
20,0.64,90,52,0
23,5.52,67,57,0
24,8.41,93,69,1
21,9.97,80,94,1
24,4.3,62,50,0
26,3.2,75,52,0
28,9.07,93,90,1
19,1.91,61,63,0
28,6.15,67,96,1
20,4.06,58,68,0
22,0.41,98,95,1
20,3.47,70,93,1
28,2.65,97,44,0
25,6.86,98,74,1
29,9.49,89,58,1
27,2.68,92,94,1
25,8.11,73,52,1
25,0.55,83,44,0
29,5.38,57,83,0
29,0.71,93,53,0
26,9.34,82,77,1
21,7.66,72,61,0
22,6.58,62,48,0
22,8.24,98,88,1
25,6.48,63,79,1
24,9.69,63,65,1
26,7.14,65,84,1
25,9.25,98,44,1
19,5.17,87,68,1
27,1.17,88,93,1
29,5.28,75,61,0
21,1.27,75,88,0
23,5.92,50,42,0
29,4.82,81,67,1
19,6.23,64,77,0
24,0.1,70,53,0
20,1.95,67,86,0
20,4.91,79,53,0
28,9.51,62,82,1
19,3.84,73,50,0
28,4.24,79,48,0
25,7.15,51,77,0
23,6.04,68,86,1
18,2.99,96,83,1
29,4.11,93,45,0
18,2.18,96,40,0
24,9.66,74,64,1
25,1.31,99,55,0
22,3.72,63,91,0
29,0.26,55,54,0
28,2.22,61,73,0
22,7.8,69,56,0
21,2.01,72,42,0
23,0.8,79,42,0
23,4.74,79,76,1
20,0.1,87,56,0
26,0.85,79,94,1
29,8.08,90,88,1
28,7.71,79,91,1
24,9.15,85,77,1
18,8.55,98,40,1
24,6.83,83,46,1
22,0.52,65,65,0
22,7.83,73,86,1
19,8.46,63,78,1
21,7.99,75,58,1
29,5.08,57,91,0
23,2.33,63,93,0
27,8.45,80,69,1
28,7.27,51,82,1
24,9.81,97,94,1
28,1.56,53,53,0
22,2.26,50,52,0
26,2.12,69,59,0
20,7.93,63,65,1
18,1.87,89,66,0
21,0.67,74,64,0
26,9.99,74,48,1
21,0.25,52,80,0
19,8.35,54,87,1
27,3.65,87,51,0
22,8.42,75,49,1
20,5.55,89,45,0
29,9.02,87,89,1
26,9.26,87,73,1
21,0.09,53,98,0
23,0.75,56,91,0
19,2.5,79,80,1
23,6.69,79,58,1
20,8.88,68,45,1
29,4.6,88,41,0
29,6.07,84,54,1
26,1.88,89,56,0
28,8.05,82,55,1
19,9.67,82,67,1
29,2.69,63,60,0
29,4.95,87,47,0
26,0.86,59,49,0
22,5.59,77,49,0
25,5.03,63,89,0
19,1.44,85,49,0
23,4.42,87,48,1
20,3.34,65,67,0
29,5.22,70,63,0
29,5.86,77,58,0
27,0.08,82,72,0
22,7.61,55,43,0
29,7.13,90,95,1
25,3.66,64,42,0
27,0.53,93,81,0
18,7.55,52,51,0
22,9.55,92,57,1
20,2.4,96,62,0
21,3.24,84,59,0
19,1.84,63,45,0
26,5.77,51,92,0
20,1.55,78,73,0
19,3.56,53,81,0
27,6.97,75,41,0
28,5.6,61,69,0
26,3.86,51,48,0
24,4.2,66,66,0
23,5.62,84,81,1
18,0.06,59,73,0
22,0.79,97,79,1
29,8.81,71,63,1
28,0.78,90,88,1
28,7.07,92,56,1
20,9.2,70,68,1
18,2.71,64,75,0
21,3.7,84,89,1
19,5.69,97,51,1
19,8.82,70,70,1
20,9.42,70,88,1
25,7.4,70,48,1
25,0.87,93,58,0
29,6.69,81,85,1
24,4.1,54,85,0
23,4.71,88,56,1
26,0.49,58,41,0
21,1.91,67,79,0
29,7.91,70,44,0
18,4.54,57,98,1
25,3.02,93,78,1
24,3.84,83,93,1
24,8.54,59,87,1
20,7.49,90,55,1
21,2.72,73,56,0
27,1.18,89,93,1
26,2.52,73,66,0
23,9.21,81,46,1
22,5.82,82,91,1
20,5.33,87,47,0
26,5.96,93,47,1
22,3.66,98,62,1
22,8.07,83,71,1
21,5.23,60,82,1
21,1.17,80,86,0
29,1.29,67,57,0
18,5.37,72,77,1
24,9.37,71,93,1
26,3.08,92,51,0
20,8.7,67,54,1
29,7.64,89,67,1
19,2.48,96,94,1
20,0.36,90,77,0
18,1.02,96,89,1
23,7.28,88,95,1
28,2.0,69,70,0
28,3.71,62,91,1
24,5.02,94,48,0
28,7.25,50,47,0
28,1.13,53,85,0
19,4.06,73,58,0
25,4.85,85,90,1
23,5.41,85,47,0
21,8.18,94,73,1
22,1.72,51,96,0
25,8.08,77,43,1
20,6.93,75,70,1
20,5.56,72,77,1
28,7.0,64,42,0
21,4.12,85,74,1
18,1.38,76,58,0
26,6.66,55,82,0
25,5.25,84,68,1
25,6.39,88,49,1
27,3.38,87,51,0
23,9.07,84,85,1
24,5.87,85,69,1
23,0.85,59,69,0
26,4.5,79,99,1
20,7.56,90,57,1
20,7.94,87,63,1
20,4.95,78,71,0
27,8.95,92,48,1
20,2.68,88,86,1
26,4.11,99,63,1
29,8.99,53,65,1
21,8.96,54,42,0
24,6.86,53,62,0
26,8.59,85,50,1
28,0.89,94,49,0
29,8.65,65,89,1
24,3.21,74,75,0
26,1.78,63,99,0
29,2.39,60,52,0
20,4.18,78,68,0
21,2.51,83,77,0
25,3.21,71,98,0
23,1.35,63,92,0
22,2.96,73,52,0
21,5.72,88,96,1
25,4.42,75,65,0
18,3.47,92,59,0
26,7.46,85,44,1
18,8.94,88,59,1
25,7.57,65,53,0
21,3.32,87,84,1
26,7.44,81,53,1
28,1.52,55,47,0
22,1.3,83,87,1
20,3.46,57,52,0
26,8.08,79,63,1
28,2.46,76,54,0
26,0.63,56,90,0
21,1.32,76,40,0
28,8.59,74,61,1
21,6.34,95,73,1
29,2.53,90,89,1
25,5.55,64,90,1
19,5.28,74,79,1
26,6.55,71,42,0
23,2.33,67,94,0
26,8.64,61,65,1
25,3.09,72,53,0
24,6.94,94,97,1
18,0.16,88,80,0
29,3.73,74,47,0
20,3.52,59,88,0
28,5.43,79,94,1
19,0.73,59,94,0
22,7.9,83,95,1
22,2.18,95,55,0
22,6.77,62,81,0
21,8.03,78,60,1
22,5.62,87,49,1
20,7.41,90,96,1
29,6.62,94,64,1
18,3.56,58,95,0
22,8.09,62,77,1
26,2.95,86,61,0
26,5.71,63,88,1
21,7.45,86,87,1
20,3.79,58,86,0
18,3.03,57,93,0
19,4.59,88,85,1
25,8.18,89,43,1
18,9.3,52,43,0
25,5.45,96,69,1
24,6.61,89,41,1
25,9.03,82,68,1
29,0.99,81,82,0
23,2.32,56,75,0
29,7.09,68,60,0
26,8.24,83,99,1
20,8.57,63,60,1
27,4.15,99,87,1
21,0.89,96,60,0
23,4.38,95,43,1
25,2.31,68,40,0
22,2.91,75,65,0
20,7.72,66,95,1
23,0.76,77,90,0
21,8.28,68,41,0
26,4.28,76,48,0
20,5.96,97,94,1
21,0.9,68,96,0
24,3.37,82,84,1
24,0.9,56,57,0
29,9.62,78,87,1
29,8.07,92,87,1
21,4.6,54,96,1
23,2.24,79,81,1
29,9.33,98,80,1
20,3.45,92,50,0
23,1.61,57,64,0
29,5.63,91,65,1
19,9.44,61,97,1
25,0.04,91,75,0
19,2.38,62,81,0
28,9.38,75,74,1
24,1.71,67,77,0
26,1.13,91,42,0
18,5.7,98,98,1
25,8.62,69,80,1
24,4.77,65,74,0
23,9.95,86,89,1
23,6.79,52,79,0
23,0.74,76,61,0
26,9.93,64,47,1
19,4.08,83,54,0
18,2.87,94,84,1
29,5.58,71,46,0
23,3.04,89,58,0
27,0.86,72,79,0
28,0.01,98,81,1
25,4.5,53,56,0
20,8.37,90,40,1
29,5.72,72,84,1
27,9.99,96,68,1
18,2.87,58,97,0
26,2.8,73,52,0
18,1.6,70,95,0
20,1.64,90,87,0
25,2.85,95,68,1
20,7.93,65,80,1
21,9.06,74,81,1
25,9.75,75,45,1
18,2.32,98,44,0
23,8.81,94,73,1
18,3.28,58,50,0
18,1.13,64,48,0
25,8.7,88,77,1
28,6.36,82,79,1
21,1.65,50,80,0
29,4.3,54,48,0
18,2.87,58,47,0
27,7.37,93,83,1
24,4.53,55,97,0
22,9.89,77,79,1
22,0.55,94,42,0
18,3.55,75,52,0
27,4.82,77,58,0
28,5.03,89,73,1
23,3.16,64,71,0
26,7.29,55,88,1
26,8.75,76,55,1
25,9.39,87,75,1
22,8.05,53,57,0
18,8.51,60,53,0
26,5.51,70,69,0
18,8.26,79,41,0
25,3.04,67,52,0
22,3.98,84,66,0
20,3.17,52,98,0
28,4.67,61,92,0
24,2.86,76,91,1
24,9.62,79,56,1
26,3.13,70,70,0
24,0.98,87,54,0
28,5.27,70,96,1
20,0.57,87,59,0
28,1.11,89,44,0
18,2.19,64,46,0
25,4.64,67,57,0
29,4.33,78,95,1
20,8.0,97,50,1
29,7.39,87,71,1
25,4.26,70,89,0
25,3.34,66,66,0
22,3.16,90,65,1
29,7.74,67,76,1
18,0.52,86,84,1
27,0.13,87,67,0
24,7.96,61,89,1
29,4.77,60,41,0
27,1.31,97,59,0
22,2.36,98,43,0
25,9.33,69,52,1
26,8.6,58,63,1
28,7.1,50,87,0
24,4.82,52,77,0
24,5.2,70,97,1
18,9.75,72,79,1
21,9.66,58,87,1
19,2.15,68,84,0
19,8.11,94,94,1
19,1.97,95,68,0
21,2.14,68,97,0
18,6.76,72,75,1
21,4.05,76,41,0
19,9.32,76,80,1
22,0.89,88,57,0
20,5.12,85,88,1
29,9.19,61,47,1
25,9.04,76,97,1
21,1.57,95,54,0
18,3.67,83,80,1
18,6.19,82,56,0
29,1.59,77,62,0
27,9.68,80,41,1
20,9.15,81,45,1
26,1.67,99,68,1
24,1.21,69,66,0
19,0.85,89,76,0
26,9.09,84,88,1
27,1.94,80,73,0
19,4.16,80,57,0
20,4.49,87,81,1
28,5.99,71,49,0
27,0.72,94,77,0
19,2.27,90,98,1
20,9.31,58,83,1
23,9.08,58,56,1
26,7.81,64,98,1
26,0.19,62,52,0
24,3.27,71,91,1
29,6.28,65,99,1
20,2.75,81,87,0
21,9.1,51,81,1
23,6.34,75,66,1
28,0.72,63,92,0
22,9.09,87,41,1
19,9.58,83,73,1
23,0.78,57,70,0
20,5.32,85,62,1
25,3.03,70,46,0
19,3.93,95,77,1
18,1.8,92,72,0
26,5.78,77,51,0
29,9.58,95,84,1
20,5.03,93,51,1
28,0.83,97,58,0
18,6.2,55,48,0
24,3.4,69,49,0
27,8.56,80,56,1
22,4.35,82,89,1
22,1.93,93,79,1
18,1.91,56,78,0
26,7.69,57,80,0
24,2.66,58,49,0
25,7.67,51,51,0
26,2.06,66,54,0
23,3.22,94,70,1
29,4.65,86,54,0
22,9.43,91,67,1
23,9.32,93,43,1
28,2.07,66,75,0
19,3.58,87,94,1
21,1.49,84,40,0
20,5.1,96,97,1
24,4.61,88,83,1
26,9.01,79,96,1
22,9.3,55,73,0
23,3.84,53,86,0
27,4.92,86,56,1
29,8.96,84,78,1
29,8.07,58,77,1
19,0.04,55,83,0
20,3.2,62,90,0
20,4.22,71,72,1
29,2.3,77,99,1
29,2.0,79,60,0
26,0.38,85,65,0
24,6.43,51,85,0
25,2.63,85,75,0
28,0.52,57,44,0
27,2.31,94,72,1
28,8.02,91,40,1
26,8.51,99,92,1
23,4.83,58,45,0
21,4.16,50,76,0
29,9.78,62,41,1
18,2.01,99,96,1
25,2.15,64,92,0
24,2.92,81,98,1
19,1.73,83,98,1
25,3.79,92,44,0
29,9.11,80,65,1
22,6.15,63,80,0
24,4.12,96,90,1
21,9.34,63,92,1
22,0.48,97,86,1
25,2.1,78,52,0
18,5.66,96,51,1
18,6.16,68,44,0
21,0.4,76,41,0
20,4.03,58,98,0
27,6.49,86,43,0
29,6.98,86,98,1
19,6.38,92,66,1
29,3.21,77,89,1
20,0.94,73,92,0
28,4.27,77,49,0
28,1.29,85,52,0
28,9.48,67,83,1
18,4.75,74,41,0
18,3.17,84,65,0
23,7.66,53,54,0
22,4.98,63,85,0
25,3.1,88,96,1
19,8.12,75,49,0
21,8.67,57,61,1
25,6.73,73,79,1
29,0.47,65,64,0
23,5.66,69,54,0
18,7.63,64,52,0
21,1.37,56,47,0
18,2.29,66,60,0
19,8.82,71,60,1
22,0.2,71,61,0
25,7.53,61,85,1
25,4.74,67,72,0
28,4.47,95,84,1
20,0.07,96,66,0
28,8.19,64,79,1
21,3.6,86,89,1
27,5.41,65,61,0
28,6.77,54,69,0
23,7.03,51,48,0
28,9.56,77,84,1
28,5.31,90,74,1
27,4.0,76,57,0
20,9.54,80,81,1
19,6.42,90,44,1
23,2.98,85,66,0
28,1.26,96,96,1
22,8.43,92,45,1
27,3.62,50,71,0
22,6.6,99,47,1
27,4.71,78,95,1
22,1.99,50,78,0
27,6.02,57,60,0
29,0.61,65,57,0
22,4.13,77,53,0
20,5.47,71,54,0
24,4.36,67,81,1
23,7.49,71,65,1
21,8.28,90,92,1
19,7.71,61,83,1
29,0.39,68,71,0
26,1.94,74,78,0
18,5.37,99,67,1
28,9.35,54,99,1
21,8.35,83,78,1
18,8.43,88,82,1
23,3.03,59,71,0
21,4.29,96,52,0
22,4.71,56,54,0
22,1.57,86,57,0
26,0.31,96,78,0
18,9.47,64,45,0
19,2.41,91,94,1
23,2.4,73,50,0
22,0.83,75,71,0
28,9.29,75,79,1
24,5.8,95,59,1
20,6.67,75,72,1
20,9.12,59,79,1
27,3.46,66,47,0
19,6.22,63,90,1
20,0.39,51,74,0
27,1.87,97,44,0
18,8.31,62,74,1
22,7.67,76,86,1
29,3.51,58,53,0
22,3.77,56,60,0
29,5.34,97,86,1
28,0.0,59,63,0
24,2.41,58,56,0
21,2.08,71,57,0
20,2.5,72,73,0
18,8.06,56,51,0
29,2.8,97,55,0
25,1.92,58,43,0
20,5.04,76,64,1
19,8.66,73,73,1
28,2.41,78,67,0
21,0.79,66,85,0
20,3.56,69,50,0
18,7.48,56,52,0
20,5.51,92,70,1
29,8.17,89,99,1
19,9.6,56,64,0
25,7.93,77,78,1
23,6.04,68,49,0
26,4.93,69,63,0
25,0.4,93,40,0
27,9.84,88,92,1
20,3.83,89,64,1
22,1.52,56,67,0
24,6.67,55,75,0
22,2.84,74,57,0
25,5.86,90,45,0
29,5.87,62,41,0
22,4.46,88,42,0
18,8.36,89,85,1
22,2.65,71,47,0
21,4.49,98,70,1
23,5.38,66,87,0
20,6.64,97,58,1
28,7.84,71,89,1
22,3.95,83,45,0
19,6.46,57,53,0
28,1.51,98,42,0
23,9.33,94,87,1
29,3.83,67,40,0
23,7.3,73,83,1
22,0.2,91,69,0
23,2.05,51,85,0
28,4.87,51,58,0
24,8.78,76,93,1
29,5.27,63,58,0
22,9.3,97,48,1
18,4.84,88,46,0
25,4.9,61,85,0
21,1.2,81,76,0
26,8.03,77,89,1
27,2.47,77,80,0
29,9.0,95,92,1
23,9.11,74,46,1
18,9.43,53,48,0
20,5.2,75,43,0
20,6.77,85,64,1
27,7.79,99,88,1
29,1.31,52,51,0
29,6.01,50,45,0
21,0.34,66,57,0
23,4.98,56,79,0
24,1.55,97,60,0
27,1.83,54,54,0
21,3.65,68,42,0
23,4.32,88,41,0
28,6.23,95,95,1
18,0.74,83,94,0
25,5.04,84,80,1
24,1.83,98,79,1
28,5.74,65,98,1
28,6.37,89,43,1
26,5.57,99,71,1
20,7.38,96,41,1
19,3.36,88,85,1
18,7.65,76,68,1
20,4.33,90,41,0
22,4.84,87,73,1
28,6.48,99,66,1
19,0.18,99,99,1
29,6.54,74,93,1
20,6.19,75,78,1
21,3.1,63,83,0
24,0.86,63,77,0
20,0.91,63,57,0
26,9.23,74,75,1
25,6.89,85,58,1
21,1.27,53,66,0
18,3.57,96,84,1
18,5.92,64,59,0
18,8.36,81,60,1
18,0.44,67,62,0
25,2.37,63,69,0
20,8.9,50,64,0
23,0.09,91,70,0
20,2.01,69,66,0
28,9.59,59,73,1
22,6.13,59,47,0
24,2.62,73,58,0
19,0.67,83,80,0
23,0.28,77,65,0
23,2.45,76,67,0
28,8.81,89,43,1
20,4.16,50,70,0
23,7.2,82,55,1
27,9.18,53,90,1
27,4.08,56,49,0
22,1.91,58,77,0
29,5.17,65,87,0
19,9.08,54,49,0
26,8.04,83,84,1
25,0.66,72,48,0
20,6.93,92,78,1
25,5.72,99,75,1
26,9.07,74,90,1
20,1.22,62,97,0
20,5.34,73,75,1
19,8.79,60,58,0
25,4.1,66,99,1
27,4.82,86,58,1
18,0.7,62,51,0
25,2.78,76,52,0
24,3.25,69,64,0
24,9.45,82,75,1
20,2.83,91,64,1
18,4.61,81,67,0
21,6.71,57,81,0
26,1.62,78,92,0
22,4.86,89,78,1
18,7.39,68,69,0
22,8.67,55,44,0
25,6.26,93,56,1
25,6.69,88,57,1
22,1.26,97,82,1
29,9.46,90,86,1
26,1.33,70,60,0
18,7.75,71,61,1
21,2.65,91,78,1
20,9.34,59,89,1
19,7.2,59,97,1
25,7.54,78,96,1
24,2.19,65,45,0
26,4.43,50,89,0
19,6.18,66,55,0
21,7.7,79,41,0
23,1.04,75,90,0
28,9.62,95,40,1
20,8.9,68,96,1
25,2.7,70,69,0
20,8.23,66,97,1
29,5.18,95,82,1
19,4.62,89,91,1
20,3.14,70,76,0
28,5.81,90,87,1
23,7.3,89,62,1
19,4.11,94,40,0
25,6.29,98,58,1
18,6.99,68,85,1
24,7.11,56,42,0
19,0.52,66,41,0
27,8.6,50,95,1
29,4.58,86,76,1
23,2.62,55,56,0
29,2.42,75,67,0
19,4.83,51,57,0
19,8.87,81,72,1
27,3.78,97,54,1
25,7.5,54,61,0
29,0.97,86,80,1
19,4.76,80,66,1
24,9.92,61,94,1
20,7.7,84,76,1
25,2.11,79,71,0
24,5.01,97,99,1
25,2.34,55,84,0
24,4.1,64,58,0
28,7.8,64,67,1
23,7.71,65,67,0
24,2.28,69,95,0
22,9.22,62,49,1
24,5.93,93,59,1
18,3.8,91,64,1
18,5.02,95,60,1
26,6.05,80,53,1
22,5.6,83,61,1
22,4.86,78,92,1
20,5.05,52,65,0
22,1.76,58,83,0
20,8.13,60,50,0
26,5.42,60,94,1
26,1.31,74,46,0
23,7.66,71,56,1
18,9.32,91,57,1
24,9.47,95,46,1
24,3.69,58,95,0
27,1.36,69,59,0
27,5.18,70,77,1
21,1.13,59,50,0
25,9.34,71,83,1
23,1.84,78,97,0
21,2.53,58,55,0
21,4.07,54,90,0
19,3.83,89,94,1
19,7.95,60,66,0
29,4.56,50,90,0
21,1.71,91,50,0
22,2.67,50,55,0
25,5.09,88,62,1
23,1.47,95,99,1
21,6.12,54,98,1
28,5.66,98,51,1
24,7.15,71,98,1
25,9.38,75,79,1
19,9.12,55,42,0
29,9.46,81,41,1
24,2.45,97,99,1
19,1.32,60,77,0
19,3.02,59,87,0
25,8.95,96,91,1
19,9.72,88,63,1
28,8.59,83,68,1
26,1.1,80,86,0
29,9.47,61,85,1
18,4.23,93,73,1
26,0.09,65,59,0
18,4.42,87,57,1
27,0.46,52,53,0
27,5.44,51,57,0
19,3.39,54,41,0
23,4.73,60,40,0
23,6.13,74,59,1
18,8.69,84,73,1
24,6.62,84,80,1
25,4.34,71,80,1
19,8.19,86,87,1
25,9.06,71,50,1
26,1.2,60,66,0
23,5.32,81,62,1
22,2.85,84,77,1
29,0.47,80,83,0
26,6.69,94,42,1
29,8.63,57,51,0
28,1.63,69,69,0
26,8.12,91,70,1
18,8.53,83,62,1
28,9.14,53,40,0
20,2.65,67,80,0
26,9.04,53,59,0
28,3.21,69,93,0
19,5.52,58,45,0
29,0.51,65,50,0
21,0.44,75,74,0
21,7.2,87,43,0
19,4.44,74,68,1
20,2.56,53,98,0
20,1.9,90,49,0
18,6.7,94,90,1
23,0.0,90,68,0
25,8.06,87,77,1
29,0.79,68,40,0
20,1.91,63,79,0
22,3.86,70,47,0
18,4.85,64,96,0
27,3.55,52,77,0
24,3.21,86,56,0
27,9.64,99,58,1
18,6.42,95,72,1
29,0.23,65,54,0
28,4.3,63,84,0
26,8.75,58,70,0
25,3.01,96,60,1
24,0.95,56,42,0
27,7.58,63,41,0
24,6.06,55,74,0
22,5.7,70,80,1
22,0.54,64,98,0
28,1.4,57,55,0
22,6.23,83,95,1
18,2.08,89,84,0
25,5.04,50,90,0
29,5.45,81,98,1
28,2.84,98,89,1
18,9.48,54,60,0
21,8.42,79,51,1
26,7.22,71,67,1
26,0.78,69,51,0
22,1.06,65,72,0
21,4.93,56,59,0
20,1.61,56,79,0
20,9.78,99,88,1
29,1.59,99,60,0
22,4.87,51,99,0
27,3.64,96,91,1
18,6.39,63,93,1
22,1.29,80,78,0
23,4.3,99,80,1
24,2.75,90,88,1
29,8.88,63,98,1
26,0.41,54,81,0
20,9.14,60,75,1
19,8.33,89,61,1
20,2.98,54,65,0
29,7.89,78,46,1
26,0.31,60,46,0
29,9.67,54,47,0
24,5.27,98,65,1
26,3.03,81,63,0
19,3.63,85,63,0
22,0.66,64,79,0
21,9.89,68,87,1
19,0.39,71,51,0
26,6.55,83,86,1
26,4.43,66,47,0
23,9.49,61,93,1
28,2.46,74,48,0
23,5.32,66,42,0
25,4.82,59,93,1
23,7.03,77,60,1
18,0.68,67,70,0
21,1.94,67,87,0
24,2.15,94,86,1
19,7.38,81,63,1
26,1.89,63,43,0
25,5.73,65,59,0
25,2.15,99,55,0
24,8.62,67,49,0
21,9.42,65,82,1
19,5.18,66,65,0
20,3.52,56,68,0
29,2.34,61,44,0
23,0.5,83,50,0
29,2.69,59,68,0
29,6.54,54,84,0
22,5.34,70,54,0
29,9.44,52,45,0
25,3.96,68,87,1
23,6.94,94,54,1
23,4.89,93,82,1
18,5.13,84,59,1
21,2.68,55,73,0
22,4.55,63,99,0
29,4.71,53,99,1
28,7.07,94,41,1
20,9.41,67,83,1
26,3.29,78,55,0
18,0.42,84,58,0
23,4.96,87,73,1
23,5.44,65,88,0
27,1.68,69,53,0
22,7.6,73,63,1
29,9.85,84,67,1
22,9.46,93,87,1
27,1.97,68,71,0
22,8.75,53,76,1
23,7.04,82,49,1
25,4.54,51,88,0
19,5.41,62,84,0
23,8.5,94,87,1
18,4.8,79,48,0
21,3.73,83,63,0
27,4.93,79,75,0
20,5.79,73,95,1
26,1.89,97,68,0
20,9.01,93,99,1
23,6.74,82,68,1
18,6.33,90,97,1
29,0.99,98,87,1
23,6.04,59,62,0
21,1.21,67,66,0
25,0.79,68,70,0
28,5.27,56,82,0
26,4.03,68,46,0
21,5.89,73,88,1
27,0.89,64,93,0
29,4.31,90,84,1
27,1.75,91,43,0
23,9.87,72,53,1
18,5.61,53,81,0
21,6.87,87,81,1
24,3.25,53,49,0
29,0.95,54,98,0
18,9.76,90,83,1
25,2.86,93,73,1
29,4.24,72,65,0
27,6.5,89,62,1
29,0.25,86,48,0
28,8.1,60,76,1
23,5.37,60,47,0
22,2.78,62,92,0
27,0.62,63,53,0
28,1.62,57,46,0
26,8.95,74,46,1
19,6.86,67,48,0
22,2.5,93,42,0
23,0.66,93,53,0
24,6.91,67,56,0
22,5.72,59,89,0
26,4.05,56,83,0
18,3.64,99,61,1
24,2.17,93,85,1
27,6.7,63,65,0
24,9.71,64,97,1
21,1.76,65,67,0
26,5.97,51,84,0
29,4.24,79,53,0
28,4.47,79,48,0
22,2.54,67,90,0
21,8.25,80,65,1
24,4.85,93,41,0
21,5.43,97,50,1
20,3.05,62,56,0
26,1.82,69,73,0
28,0.86,98,58,0
25,7.14,99,78,1
18,1.96,84,57,0
24,6.9,72,52,1
26,3.9,91,44,0
25,4.16,82,89,1
25,4.69,87,62,1
23,3.68,84,97,1
28,1.01,85,95,0
21,3.1,69,63,0
25,6.64,52,68,0
20,6.66,57,87,0
26,2.86,89,86,1
19,4.6,81,47,0
19,1.93,78,65,0
29,2.1,56,54,0
29,0.23,51,96,0
24,8.97,70,40,1
29,2.11,55,67,0
27,2.28,77,88,0
21,2.8,97,86,1
27,1.27,91,85,1
25,6.39,85,53,1
26,0.75,81,81,0
24,1.34,94,73,0
22,6.45,91,98,1
25,3.4,95,70,1
21,7.08,58,45,0
19,5.57,60,88,0
28,2.56,72,44,0
29,6.51,99,70,1
23,1.16,60,76,0
26,5.36,98,54,1
18,4.37,51,54,0
28,2.68,52,91,0
27,6.04,60,82,0
29,8.71,99,44,1
24,9.99,84,67,1
27,6.08,64,72,0
26,4.05,92,50,1
27,2.25,60,82,0
26,2.57,80,45,0
27,4.79,77,62,0
28,3.67,77,79,0
20,9.14,81,41,1
28,3.68,74,54,0
22,3.73,69,62,0
25,3.84,77,61,0
25,8.37,74,48,1
21,6.51,60,86,1
29,6.14,68,79,1
28,3.34,77,69,0
28,8.18,50,55,0
18,0.38,54,98,0
18,8.71,59,85,1
21,5.13,91,86,1
23,3.98,95,91,1
25,4.97,83,69,1
23,6.67,85,84,1
29,0.13,51,48,0
26,8.72,67,40,0
26,4.47,62,98,1
19,3.43,54,77,0
27,1.38,69,47,0
18,4.39,51,98,0
19,4.96,60,98,1
22,4.04,79,91,1
21,6.79,81,57,1
21,4.21,81,66,0
26,9.61,99,57,1
28,5.99,87,71,1
25,8.07,77,97,1
23,1.09,59,88,0
18,3.97,71,71,0
19,3.37,66,92,1
23,5.69,71,87,1
28,8.61,92,84,1
19,0.78,68,93,0
27,0.73,66,75,0
22,8.5,73,75,1
22,2.13,85,60,0
23,6.69,81,85,1
23,5.43,95,71,1
23,8.33,85,70,1
19,1.25,77,76,0
27,1.3,63,55,0
20,5.57,85,85,1
23,9.46,55,85,1
25,4.15,58,53,0
29,3.27,70,96,1
28,6.07,61,63,0
29,9.3,79,64,1
18,8.37,80,85,1
18,9.95,89,90,1
28,0.23,53,74,0
19,1.13,80,56,0
28,6.09,76,85,1
29,8.21,74,81,1
29,2.85,54,84,0
23,2.39,55,93,0
26,7.87,54,43,0
21,0.56,76,50,0
20,3.69,57,86,0
29,5.06,58,54,0
25,5.6,64,69,0
28,7.29,85,63,1
27,3.55,90,41,0
26,6.13,56,82,0
29,5.85,81,73,1
28,5.48,57,62,0
22,6.4,96,70,1
26,2.59,64,76,0
19,0.85,86,52,0
20,1.19,68,72,0
24,2.25,88,46,0
24,5.0,55,71,0
23,8.4,68,46,0
23,7.01,77,81,1
19,7.89,66,77,1
27,3.51,91,91,1
23,4.05,68,83,0
21,3.94,80,52,0
29,1.92,60,63,0
20,0.61,64,67,0
28,5.91,59,71,0
19,9.89,92,82,1
18,1.67,72,57,0
28,0.47,52,73,0
28,7.8,52,87,1
22,2.53,67,73,0
19,8.3,74,90,1
19,7.04,92,77,1
24,9.46,69,40,0
25,4.09,78,82,0
27,6.62,71,89,1
25,4.65,99,81,1
21,6.31,64,70,0
18,4.5,88,89,1
28,1.89,59,99,0
24,5.08,70,40,0
18,5.29,78,90,1
28,8.11,81,55,1
21,7.36,59,97,1
25,6.64,62,78,1
19,1.13,96,54,0
23,7.21,72,72,1
23,5.0,99,62,1
29,8.94,72,92,1
26,9.2,80,80,1
22,0.55,53,73,0
27,8.21,98,56,1
21,0.38,52,64,0
22,3.67,70,95,1
29,5.42,51,81,0
29,1.48,53,45,0
27,7.46,50,70,0
28,0.08,64,44,0
22,1.69,82,79,0
25,5.81,55,79,0
27,7.14,56,69,0
29,9.17,68,44,0
25,7.05,93,51,1
19,6.72,50,46,0
24,3.94,88,84,1
25,0.01,68,52,0
28,1.2,94,88,1
23,5.35,75,43,0
22,6.75,93,89,1
28,4.17,61,81,0
26,7.31,71,42,0
20,5.22,62,51,0
29,0.74,77,40,0
27,1.92,63,66,0
21,8.4,71,82,1
26,7.25,79,89,1
23,8.95,93,52,1
25,1.18,69,56,0
24,9.9,93,47,1
28,2.09,76,71,0
19,0.12,87,59,0
20,9.97,91,90,1
18,2.81,90,56,0
26,6.68,83,73,1
24,1.77,88,74,1
18,5.8,90,74,1
20,9.04,93,77,1
21,3.2,86,81,1
21,6.7,50,63,0
22,1.88,64,93,0
20,6.25,81,57,1
20,3.36,57,89,0
18,2.11,82,85,1
24,3.13,67,87,0
28,1.79,94,78,1
27,9.02,78,72,1
18,3.97,81,88,1
19,2.45,82,62,0
21,4.48,54,64,0
21,3.21,67,76,0
22,7.44,97,66,1
28,9.71,59,40,0
19,4.38,85,60,1
21,8.61,82,98,1
18,5.66,72,88,1
19,1.57,89,49,0
18,6.91,54,70,0
27,5.13,83,83,1
27,6.51,73,64,1
21,8.9,66,59,1
21,4.4,80,96,1
24,9.01,56,41,0
27,7.51,66,94,1
28,4.89,77,87,1
28,6.03,87,54,1
26,3.26,71,67,0
26,9.84,64,52,0
22,6.67,86,89,1
27,0.44,64,99,0
18,3.27,99,91,1
18,6.23,99,93,1
23,0.56,74,53,0
19,0.24,70,89,0
25,4.5,87,41,0
26,3.33,51,73,0
21,4.38,76,74,0
22,2.63,98,76,1
28,1.65,81,64,0
25,6.89,70,87,1
20,5.15,53,93,0
22,2.0,93,54,0
20,3.2,68,51,0
29,5.92,51,48,0
27,0.72,75,97,0
20,1.47,83,70,0
20,0.73,63,53,0
29,8.12,64,68,1
24,7.52,69,92,1
24,7.53,83,87,1
24,7.16,85,82,1
27,6.69,68,77,1
25,4.77,58,81,0
22,6.42,56,99,1
22,0.38,79,47,0
21,6.21,62,87,1
24,7.78,76,42,1
27,5.0,93,41,0
21,3.58,84,55,0
19,2.77,62,58,0
21,6.43,64,69,0
25,6.93,95,80,1
26,8.71,58,55,0
20,3.42,94,70,1
24,7.7,72,93,1
29,5.61,85,97,1
26,8.83,89,67,1
28,5.28,52,43,0
21,5.18,83,49,0
27,5.78,68,90,1
20,7.49,77,84,1
22,9.65,72,57,1
18,0.74,89,86,0
20,0.53,98,71,1
25,9.38,94,69,1
28,5.3,56,75,0
25,6.15,90,48,1
21,4.82,61,75,0
19,0.94,63,68,0
25,7.68,95,55,1
25,7.47,64,67,1
27,3.12,52,60,0
21,3.06,64,86,0
20,8.38,73,95,1
19,0.72,95,41,0
26,8.81,57,99,1
18,2.57,54,98,0
24,5.93,53,85,0
22,9.36,63,74,1
25,6.78,65,93,1
21,4.14,69,67,0
24,6.9,73,94,1
22,3.44,55,75,0
22,2.77,80,70,0
26,9.97,55,72,1
26,7.51,84,62,1
26,6.45,64,99,1
29,3.55,78,80,1
23,0.49,52,56,0
23,0.31,60,85,0
22,5.54,52,88,1
26,7.62,77,40,0
27,5.37,59,81,1
25,8.41,99,62,1
24,0.33,82,87,0
24,3.67,97,66,1
23,2.37,65,64,0
22,4.47,59,71,0
21,0.72,82,58,0
20,9.54,85,63,1
20,2.23,52,96,0
23,9.22,54,42,0
21,4.26,61,99,1
29,9.86,93,51,1
29,5.54,62,74,0
23,9.31,73,54,1
20,0.05,93,56,0
21,7.48,81,89,1
26,9.03,65,71,1
22,1.4,81,46,0
24,0.96,94,58,0
27,4.25,86,46,0
19,9.34,85,44,1
22,5.42,70,97,1
26,5.27,96,79,1
28,1.41,61,60,0
20,0.01,70,87,0
26,8.1,70,87,1
28,0.88,92,90,1
23,6.34,55,96,1
21,9.15,58,86,1
24,2.09,50,46,0
25,6.65,61,76,0
23,0.79,63,62,0
22,6.04,55,50,0
23,1.64,50,49,0
22,7.36,71,96,1
25,3.01,83,60,0
18,4.63,60,94,0
28,5.99,52,98,0
24,1.71,91,80,1
27,7.42,55,72,0
27,3.03,55,59,0
28,6.62,69,72,1
19,1.58,70,79,0
26,6.88,51,74,0
18,1.28,75,73,0
28,4.25,80,75,1
27,2.47,75,66,0
23,7.48,81,58,1
26,2.62,59,82,0
18,8.82,72,44,1
21,8.92,55,68,1
21,1.96,72,95,1
26,6.14,77,49,0
28,0.88,98,95,1
22,3.92,79,98,1
22,7.13,63,94,1
23,6.59,86,79,1
18,6.25,81,52,0
18,2.83,98,68,1
26,3.78,83,44,0
20,1.03,90,97,1
21,7.19,93,97,1
18,5.04,71,98,1
26,7.09,80,51,1
25,2.49,56,98,0
19,3.24,90,52,0
25,3.34,70,61,0
24,0.26,65,79,0
28,3.41,69,54,0
23,8.03,92,52,1
18,8.97,93,40,1
24,5.18,96,93,1
27,4.56,99,77,1
24,0.31,68,82,0
26,8.79,97,84,1
18,0.13,81,92,0
19,9.45,64,91,1
28,4.89,54,40,0
26,3.42,60,50,0
26,9.24,64,97,1
23,0.24,78,82,0
23,5.81,99,79,1
21,5.49,94,61,1
21,2.19,53,74,0
22,4.29,98,99,1
20,6.52,85,90,1
18,7.27,97,83,1
18,0.01,72,45,0
29,9.37,64,67,1
24,1.65,95,70,1
18,2.34,93,94,1
18,2.63,52,47,0
20,0.38,81,44,0
27,1.23,59,81,0
21,9.86,89,93,1
21,3.15,87,87,1
19,1.15,71,83,0
18,1.07,63,56,0
20,7.19,66,77,1
28,8.55,70,48,0
21,2.57,97,49,0
20,0.21,64,59,0
25,2.23,64,53,0
27,0.57,50,53,0
18,1.03,73,65,0
19,4.32,61,68,0
24,2.3,59,88,0
21,5.16,95,66,1
25,2.53,91,64,0
28,9.41,91,55,1
20,9.06,80,75,1
23,5.67,60,73,0
26,3.54,65,55,0
18,3.81,58,72,0
18,4.12,96,42,0
25,7.28,63,62,1
20,4.52,68,50,0
22,8.57,80,87,1
18,9.44,58,97,1
22,3.36,85,57,0
28,5.61,88,86,1
23,0.95,75,80,0
25,2.0,57,83,0
20,4.13,73,68,0
20,2.06,57,98,0
29,8.77,68,89,1
28,1.58,96,44,0
28,4.56,97,63,1
27,6.06,79,68,1
26,6.92,71,68,1
21,3.83,58,99,1
21,8.69,93,65,1
29,5.68,97,79,1
24,4.4,53,42,0
19,0.67,86,41,0
25,4.65,57,64,0
23,8.21,50,58,0
20,6.15,77,79,1
26,8.32,55,41,0
22,4.94,96,58,1
25,1.18,85,40,0
24,0.14,60,66,0
25,3.03,54,93,0
24,6.98,99,84,1
20,7.9,73,94,1
19,2.96,96,91,1
24,4.96,67,88,1
20,4.21,69,74,0
20,4.11,77,80,1
19,2.31,62,44,0
21,1.36,54,77,0
25,1.97,79,43,0
29,0.55,50,56,0
18,1.98,71,92,0
18,0.09,67,60,0
29,6.27,95,92,1
22,3.16,54,87,0
28,9.73,80,70,1
22,1.94,55,87,0
28,3.46,76,61,0
29,3.58,74,50,0
18,0.08,78,73,0
23,8.39,77,88,1
18,0.32,65,54,0
22,9.4,61,89,1
26,8.92,69,49,1
29,5.36,67,77,0
22,5.44,83,71,1
23,6.54,72,92,1
25,3.87,94,87,1
28,6.47,76,70,1
18,0.45,98,76,1
19,0.54,66,83,0
26,4.57,97,67,1
20,5.5,70,70,1
23,8.88,99,45,1
22,1.05,89,53,0
28,8.23,80,97,1
19,2.1,52,62,0
24,3.94,66,55,0
21,3.17,99,64,1
18,4.0,75,78,1
21,1.5,72,41,0
23,5.04,55,77,0
24,8.02,77,80,1
24,4.42,57,78,0
24,4.91,94,73,1
20,8.49,57,90,1
23,7.06,68,79,1
25,4.9,87,82,1
21,2.58,78,64,0
25,8.85,72,75,1
19,5.77,96,55,1
27,2.21,81,96,1
26,2.69,59,57,0
26,8.03,76,52,1
25,0.44,98,98,1
27,9.92,50,76,1
27,1.3,88,66,0
18,7.96,78,73,1
19,3.95,94,50,1
23,4.92,52,40,0
27,8.81,96,52,1
22,4.13,86,69,1
29,5.37,80,44,0
26,0.49,60,57,0
22,0.02,71,53,0
19,2.45,67,52,0
27,6.81,84,71,1
21,1.21,55,46,0
26,1.14,52,47,0
18,4.11,54,89,0
28,6.48,58,46,0
18,7.12,77,91,1
29,1.78,68,88,0
24,0.8,77,55,0
28,9.4,76,82,1
20,2.61,62,70,0
27,8.53,87,90,1
19,8.63,92,66,1
26,7.73,70,99,1
20,1.69,76,72,0
19,8.22,95,92,1
29,7.69,55,68,0
25,5.97,87,47,0
27,3.37,98,72,1
23,2.63,60,80,0
23,1.22,96,58,0
27,5.1,90,60,1
28,5.85,66,80,0
24,3.59,88,60,0
24,4.75,56,64,0
28,3.64,79,81,0
23,6.41,70,95,1
21,9.01,50,62,0
28,1.64,74,50,0
26,3.81,81,72,0
23,1.41,57,59,0
21,6.25,54,64,0
29,7.29,79,65,1
20,9.32,57,79,1
21,2.79,98,91,1
20,9.5,68,51,0
19,0.63,93,71,0
22,6.03,79,72,1
19,0.57,64,49,0
23,8.94,85,43,1
20,5.3,93,54,1
23,6.69,76,90,1
28,8.32,62,45,0
27,1.5,63,66,0
26,0.39,86,44,0
18,8.79,97,44,1
23,3.15,79,57,0
26,1.29,88,67,0
28,4.68,96,74,1
21,5.98,62,98,1
28,0.31,65,61,0
29,2.75,93,73,1
19,0.33,56,43,0
21,4.2,97,57,1
18,8.95,76,80,1
20,9.83,94,90,1
27,6.37,84,65,1
26,1.62,64,81,0
27,9.06,77,61,1
22,5.16,84,86,1
28,1.54,56,72,0
23,9.22,99,82,1
20,7.57,95,53,1
22,7.32,99,70,1
28,7.09,95,49,1
25,2.0,69,90,0
23,2.11,81,63,0
21,6.88,87,60,1
19,2.2,89,87,1
26,4.39,81,47,0
29,7.82,75,71,1
18,7.84,88,70,1
18,4.53,69,73,0
21,7.92,67,62,0
24,8.39,99,64,1
18,6.55,64,46,0
26,2.28,71,58,0
21,2.74,71,46,0
20,3.15,70,86,0
18,1.17,51,47,0
27,2.73,89,53,0
21,2.1,92,40,0
26,4.55,67,52,0
27,9.08,72,42,0
23,1.04,62,92,0
23,7.2,90,67,1
18,6.87,58,77,0
27,0.96,98,90,1
19,9.23,56,54,0
28,5.68,90,75,1
23,3.64,50,92,0
19,7.57,51,42,0
20,2.57,53,43,0
21,6.94,63,44,0
28,0.4,81,89,0
22,8.39,85,65,1
26,4.48,51,64,0
29,6.37,89,49,1
21,2.21,99,47,0
28,6.77,63,51,0
26,7.72,69,93,1
28,4.73,74,97,1
27,6.18,91,98,1
20,4.56,98,42,1
25,8.94,57,66,1
29,4.98,77,89,1
18,8.42,95,62,1
28,8.01,70,79,1
26,4.11,72,97,1
26,2.3,81,72,0
27,4.06,57,53,0
19,8.26,80,93,1
21,2.28,86,62,0
25,5.24,65,70,0
24,8.06,89,52,1
18,3.53,91,96,1
22,6.42,76,51,0
24,2.46,89,74,0
21,1.09,90,57,0
18,7.94,67,60,0
26,0.99,84,84,0
22,2.71,98,86,1
28,8.55,64,81,1
19,3.46,76,40,0
25,9.73,66,77,1
28,9.8,89,80,1
19,2.68,51,81,0
20,0.41,98,86,1
27,7.05,99,48,1
18,4.51,80,62,0
28,1.01,86,53,0
19,7.08,90,50,1
24,0.31,90,46,0
27,8.7,83,70,1
19,1.39,83,63,0
23,1.27,52,65,0
20,1.76,66,69,0
21,9.6,63,73,1
28,6.93,63,85,1
25,8.01,95,77,1
20,3.98,87,44,0
27,3.36,84,44,0
23,2.34,50,58,0
18,4.81,97,90,1
24,5.52,78,77,1
25,6.32,53,67,0
28,2.57,82,65,0
25,9.49,66,81,1
20,1.7,77,62,0
27,9.66,99,85,1
18,0.15,75,88,0
26,4.81,57,69,0
23,3.33,83,42,0
28,4.49,67,67,0
26,5.71,80,72,1
24,4.36,76,81,1
18,4.15,65,42,0
29,7.33,59,44,0
29,6.86,89,96,1
18,8.33,61,58,0
23,2.5,71,81,0
22,6.1,65,97,1
26,5.85,61,96,1
19,3.7,60,87,0
25,4.86,69,40,0
28,3.14,50,77,0
22,1.42,76,48,0
19,2.14,52,99,0
27,1.06,61,44,0
28,6.83,79,98,1
28,6.61,58,85,1
29,9.51,86,81,1
23,7.3,50,73,0
27,0.52,91,76,1
25,8.84,98,72,1
21,8.63,53,64,0
19,4.43,64,81,0
29,5.86,76,68,1
28,9.76,57,97,1
22,5.32,72,64,0
29,9.05,64,93,1
19,0.83,76,98,0
19,1.91,80,48,0
23,4.41,88,42,0
28,5.85,96,54,1
27,8.16,57,43,0
26,9.88,79,84,1
21,3.89,91,77,1
23,0.47,67,59,0
24,8.01,53,88,1
28,6.04,96,62,1
23,1.99,92,76,0
25,4.95,71,86,1
21,7.42,52,47,0
29,7.7,64,96,1
18,5.0,84,76,1
24,3.05,96,95,1
20,9.74,87,84,1
23,6.63,82,72,1
19,4.08,63,72,0
26,2.8,97,46,0
18,7.31,50,61,0
23,2.42,98,44,0
23,1.72,75,85,0
22,5.3,57,54,0
22,2.9,99,60,0
18,6.29,65,64,0
27,1.18,87,56,0
29,6.55,59,95,1
22,2.83,91,89,1
19,0.0,86,46,0
24,1.27,75,93,0
20,9.34,77,97,1
21,8.67,61,89,1
20,2.34,69,99,0
20,7.78,98,58,1
21,6.09,63,91,1
22,9.71,95,46,1
18,3.74,84,79,1
21,6.81,78,84,1
29,0.64,61,98,0
29,3.96,67,89,1
28,9.64,93,63,1
25,5.39,51,50,0
27,2.88,51,80,0
24,1.2,66,94,0
26,7.04,59,40,0
22,6.45,67,93,1
27,3.74,71,71,0
21,9.51,68,79,1
25,0.22,50,92,0
26,3.04,73,83,0
24,9.21,85,41,1
24,3.21,74,54,0
22,2.52,85,60,0
21,5.34,80,63,1
27,8.24,80,89,1
18,1.03,51,56,0
27,9.43,68,86,1
27,7.95,61,91,1
24,1.81,59,91,0
18,7.12,80,48,0
18,3.85,94,74,1
22,4.02,71,59,0
26,7.83,72,58,0
23,9.63,72,57,1
20,1.27,64,59,0
20,4.21,75,69,0
24,4.81,52,79,0
23,3.76,72,40,0
26,3.63,69,63,0
23,0.52,94,63,0
22,6.86,89,86,1
27,4.36,88,58,0
24,1.95,57,69,0
18,8.16,67,65,1
29,8.03,90,81,1
24,4.86,55,83,0
20,2.98,76,99,1
26,6.38,85,77,1
23,2.88,64,68,0
26,2.36,86,52,0
22,7.31,54,43,0
24,0.4,88,84,0
21,0.95,58,56,0
24,0.07,56,72,0
18,1.53,90,44,0
24,0.69,69,67,0
25,9.96,59,63,1
22,2.89,75,56,0
19,1.49,53,89,0
22,2.41,87,78,1
23,9.36,73,87,1
29,5.2,63,79,1
19,3.65,90,83,1
23,8.73,50,85,1
23,3.95,66,90,0
18,3.35,94,50,1
18,2.07,73,51,0
28,3.78,76,52,0
27,3.17,56,47,0
20,6.77,58,40,0
27,2.9,92,48,0
27,5.77,84,67,1
29,0.66,61,41,0
20,1.91,70,53,0
21,4.07,52,52,0
19,9.37,64,87,1
26,3.77,70,41,0
27,6.64,59,43,0
29,2.55,82,51,0
28,1.27,95,87,1
24,0.59,55,49,0
24,3.05,51,42,0
23,1.58,78,43,0
20,1.74,89,45,0
23,7.61,82,62,1
29,0.16,53,44,0
25,5.58,53,89,1
25,3.79,78,42,0
28,5.07,86,49,0
26,5.63,69,82,1
18,3.13,90,58,0
18,2.95,72,53,0
20,7.33,94,60,1
20,8.71,67,99,1
27,1.93,98,82,1
25,0.98,74,67,0
27,8.98,50,60,0
18,3.5,64,75,0
19,5.51,83,63,1
19,3.6,97,93,1
20,1.26,69,77,0
23,5.89,86,56,1
18,5.25,76,61,0
19,2.03,71,58,0
18,4.52,54,84,0
22,7.97,83,93,1
24,5.9,88,49,1
25,0.97,52,50,0
27,5.48,66,77,1
18,7.03,73,41,0
24,7.93,73,72,1
22,6.29,52,82,0
27,1.53,94,70,0
18,7.1,56,87,1
20,6.77,74,74,1
24,0.24,52,76,0
27,4.12,64,86,0
18,3.33,78,86,1
24,6.69,99,75,1
22,2.16,78,62,0
18,5.91,59,75,0
18,9.13,81,79,1
18,7.98,72,78,1
28,9.21,88,65,1
26,9.79,58,64,1
28,0.11,86,56,0
20,6.23,89,54,1
22,4.13,63,76,0
28,8.6,53,84,1
27,2.52,69,43,0
29,9.81,77,61,1
26,6.14,63,56,0
23,7.94,93,61,1
29,0.86,83,56,0
26,1.83,62,53,0
25,7.58,80,53,1
25,0.22,82,56,0
18,8.17,88,47,1
26,0.14,77,73,0
23,6.57,74,65,1
26,3.65,81,84,1
20,6.11,58,69,0
29,6.96,77,61,1
20,3.42,80,55,0
23,1.08,66,69,0
26,0.7,72,55,0
24,5.89,62,77,1
20,5.21,59,93,1
20,7.42,65,63,0
19,5.1,55,75,0
26,4.22,97,74,1
20,3.98,60,45,0
28,0.26,52,43,0
22,3.36,77,57,0
26,9.76,90,45,1
25,8.74,64,65,1
19,3.29,62,76,0
20,5.88,91,66,1
19,8.47,94,80,1
25,4.41,66,50,0
23,0.18,56,77,0
23,0.75,77,55,0
29,5.1,87,58,1
26,9.69,62,82,1
25,6.93,66,92,1
21,0.71,64,54,0
29,1.89,85,65,0
21,7.71,77,95,1
26,8.41,64,80,1
18,6.18,95,95,1
19,6.44,60,70,0
19,0.28,80,58,0
23,8.29,53,96,1
